2394,white malt vinegar
2395,miso paste
2396,mirin
2397,crispy breadcrumbs
2398,grated zest ÃÃÂ½ lemon
2399,halibut
2400,clams
2401,podded broad beans
2402,fine beans
2403,"cannellini bean, butter or haricot beans"
2404,white flour
2405,mixed herb
2406,baking potatoes
2407,x 420g/15oz can mixed beans
2408,crÃÃÂ¨me de mure
2409,sugar brown sugar
2410,spoonfuls hot Indian lime pickle
2411,chorizo sausage
2412,chargrilled artichokes
2413,sweet marsala
2414,shredded suet or light shredded vegetable suet
2415,"few rosemary sprigs, leaves chopped"
2416,lemon shortbread lemon
2417,ÃÂ¢ÃÃ
2418,fresh parmesan
2419,"balls mozzarella, preferably buffalo, torn into bite-sized pieces"
2420,sheet shortcrust pastry
2421,grated cheddar cheese
2422,1kg mixed dried fruit apricots pineapple
2423,sherry tea
2424,"whole or flaked almonds, chopped hazelnuts, walnuts or brazil nuts (optional)"
2425,"tub soft cheese icing sugar, to make icing"
2426,"oranges, juice of 2"
2427,0% Greek yogurt
2428,kiwi fruit
2429,pineapple chunks
2430,juice limes
2431,ancho
2432,1ÃÃÂ½ l chicken stock
2433,"tortilla chips tortilla strips (see below), chopped avocado, lime wedges, red onion"
2434,black mustard seeds and toasted cumin seeds
2435,green chilli (optional)
2436,14oz 400 gram can Puy or green lentils rinsed and drained
2437,x packs cubetti di pancetta
2438,ÃÃÂ½ teaspoon nigella seeds
2439,natural yogurt and chapatis
2440,lean pork escalopes or loin steaks
2441,baby romaine lettuces
2442,1ÃÃÂ½ kg DesirÃÃÂ©e potatoes
2443,Thai rice noodle
2444,Atlantic prawn
2445,vegetable bouillon powder stock
2446,can green lentil
2447,Maris Piper potato
2448,flavoursome cheese
2449,plain flourÃÂ¢ÃÃÂ¨
2450,whipped cream
2451,brownies chocolate sponge
2452,"streaky bacon, diced, or diced pancetta or lardons"
2453,pack of prosciutto
2454,"cornichons, toast and salad leaves"
2455,jam
2456,1l double cream
2457,finely grated zest 2 large lemon
2458,egg egg
2459,level teaspoon cornflour
2460,Indian-style breads bread
2461,orzo
2462,4x140g/5oz pieces tilapia fillet
2463,few thick slices chicken or turkey breast
2464,crisps
2465,parsley and tarragon leaves
2466,rabbit legs
2467,unrefined demerara sugar
2468,/2ÃÃÂ½ butter
2469,tub full-fat soft cheese
2470,mixed peppers
2471,seafood mix
2472,mint and coriander
2473,thin-stemmed broccoli
2474,"pink grapefruits, segmented"
2475,cooked large prawn
2476,"mint, leaves picked"
2477,litre/1ÃÃÂ¾ pints sunflower or vegetable oil
2478,tub low-fat cottage cheese
2479,rye bread
2480,custard
2481,jam stem ginger
2482,175g/ 6oz butter
2483,175g/ 6oz caster sugar
2484,malted grain brown bread flour flour
2485,ghee
2486,raw peeled prawn
2487,ÃÃÂ½ teaspoon asafoetida (if you have it)
2488,14g sachet fast-action yeast
2489,roquefort cheese
2490,mixed seed
2491,curry paste curry
2492,pack lamb mince
2493,crispy bacon rashers
2494,bread mix
2495,spelt flour
2496,wild or cultivated mushrooms
2497,few rosemary or thyme
2498,cheese cheese
2499,baby potato
2500,pumpkin seed
2501,cocoa and grated white chocolate
2502,lean beef skirt
2503,frozen sliced peppers
2504,carton passata
2505,poppy seed
2506,grated courgette
2507,caramelised onion chutney
2508,sandwich baguettes
2509,stewing beef
2510,00 flour flour flour
2511,x 95 gram cans skinless and boneless sardines in tomato sauce
2512,x 140g/5oz thick sustainable white fish fillets
2513,"toppings of your choice- anchovies, olives, capers, pepperoni, artichoke hearts, grilled peppers"
2514,passion fruit pulp passion fruits
2515,Seville oranges
2516,parsnips kale
2517,crunchy biscuit
2518,really ripe peaches
2519,pine nuts and basil leaves
2520,shop-bought madeira cake
2521,green lentil
2522,soy sauce sea salt
2523,macadamia nut
2524,1ÃÃÂ½ teaspoon ground fenugreek
2525,hot smoked paprika
2526,soft dark brown sugar
2527,mixed dried vine fruit
2528,baguette and English mustard
2529,ÃÃÂ½ a 400 gram can red chilli
2530,ÃÃÂ½ a small bunch coriander
2531,oat
2532,thick rashers streaky smoked dry-cured bacon
2533,pack beef stir-fry strips beef steak
2534,prawn
2535,2ÃÃÂ½ kg green tomato
2536,1.14 litre jar spiced pickling vinegar
2537,2kg mixed summer berry
2538,x 1kg packs jam sugar
2539,citric acid
2540,chilli sauce
2541,rice and greens
2542,pared zest orange
2543,1ÃÃÂ½ kg small ripe pear
2544,splash brandy
2545,good pinch five spice powder
2546,lightly crushed Weetabix
2547,chips
2548,ÃÃÂ¼ teaspoon smoked paprika
2549,milk and water
2550,shelled pistachio
2551,1kg tomato
2552,good drizzle honey
2553,low-fat soft cheese
2554,buffalo mozzarella
2555,white anchovies
2556,grapefruit juice
2557,redcurrant sauce
2558,vacuum-packed chestnuts
2559,pork sausage
2560,splash red wine vinegar
2561,onions and carrots
2562,tablet lime jelly
2563,chicken thigh fillets
2564,marjoram
2565,Italian red wine
2566,x plum tomato
2567,garlic and herb
2568,shredded suet
2569,ÃÃÂ¼ teaspoon each powdered ginger /mixed spice/nutmeg
2570,brandy rum
2571,mirin rice wine
2572,brown rice
2573,preserving sugar
2574,ready-to-roll fondant icing
2575,"ready-to-eat dried apricot, finely chopped"
2576,cherry brandy or orange juice
2577,white marzipan
2578,icing sugar sugar
2579,watermelon flesh
2580,skewers
2581,citrus fruit
2582,white grapefruit
2583,agave nectar
2584,pork rib
2585,pomegranates pomegranate seeds
2586,boneless lamb steaks
2587,low fat natural yogurt
2588,green tea matcha powder
2589,garlic salt salt
2590,lavender
2591,yellow and purple food colouring
2592,sakÃÃÂ©
2593,packs straight-to-wok noodle
2594,range egg yolks
2595,1l sunflower or vegetable oil
2596,chicken wing
2597,hot sauce
2598,ÃÃÂ½ small white cabbage
2599,celery seeds
2600,pack soft blue cheese
2601,chicken breast fillets
2602,ham hocks
2603,smoked back bacon
2604,American easy-cook rice
2605,pain de campagne bread
2606,1ÃÃÂ¼kg small vine or small plum tomato
2607,canful of easy-cook rice
2608,"sweetcorn kernels or a 198g can, drained"
2609,a large sprinkling of Cajun seasoning
2610,mixed vegetables
2611,Jaffa Cakes
2612,orange sorbet
2613,raspberry sauce
2614,packet chicken breast
2615,Savoy cabbage leaves
2616,pack fresh mint
2617,pack mushrooms
2618,"large aubergine, sliced into quarters lengthways"
2619,white chicory
2620,"dry white wine, chicken stock or water"
2621,grated gruyÃÃÂ¨re or cheshire cheese
2622,just-boiled water
2623,carrot cucumber
2624,spicy sausage chunks
2625,veggie or chicken stock cube
2626,ÃÃÂ½ mug of frozen peas
2627,waxy potatoes
2628,"x 400 gram cans mixed beans, drained and rinsed"
2629,carton passata tomatoes
2630,grated vegetarian cheddar
2631,"chicken breasts pork fillet, cut into finger-length strips"
2632,medium egg noodle
2633,ÃÃÂ½ iceberg lettuce lettuce
2634,basil oil
2635,bag wild rocket
2636,braising steak
2637,red wine stock
2638,beans beans
2639,Moroccan spice seasoning
2640,sherry vinegar or red wine vinegar
2641,large gammon steak
2642,basmati rice and wild rice
2643,red chilli flakes
2644,x 175-200g/6-8oz sirloin steaks
2645,sweet potato carrots
2646,baby leek
2647,baby baby corn
2648,Portobello mushrooms
2649,pine nut or sunflower seeds
2650,vinaigrette and soy sauce
2651,"dark chocolate, 70% cocoa solids"
2652,pot half-fat crÃÃÂ¨me fraÃÃÂ®che
2653,limes lemon
2654,lingonberry preserve or cranberry sauce
2655,coriander purÃÃÂ©e
2656,"pinch of crushed dried chillies, to taste"
2657,Chinese egg noodles
2658,dessert apples
2659,Christmas stuffing
2660,300ml/ÃÃÂ½pint red wine
2661,onion butternut squash
2662,chunky skinless white fish fillets
2663,grated mature cheddar
2664,fusilli pasta spirals ÃÂ¢ÃÃ or you can use farfalle (butterflies) or penne
2665,bag prepared fresh baby spinach
2666,summer berries
2667,blackcurrant cordial or crÃÃÂ©me de Cassis
2668,pot of organic red fruits compote
2669,100g/4oz toffee yogurt
2670,mozzarella cheese
2671,Little Gem lettuce leaves
2672,vinaigrette dressing
2673,4oz redcurrant jelly
2674,sweetcorn kernels
2675,garlic sea salt
2676,thyme thyme
2677,150ml/ÃÃÂ¼ pint full-fat milk
2678,85-100g/3-4oz butter
2679,extra butter
2680,Old Bay seasoning (optional)
2681,juice lemons
2682,extra-thick double cream
2683,cannellini bean or haricot beans
2684,bay leaf and a sprig of fresh thyme
2685,panettone
2686,carton double cream cream
2687,18-23cm fruit cake covered
2688,blood orange
2689,quantity thick royal icing
2690,dry-cured back bacon
2691,serve bread
2692,pasta sauce
2693,cranberry sauce or a good-quality chutney
2694,goat's cheese logs
2695,tin beans
2696,ready-made guacamole
2697,jar ready-made satay sauce
2698,ÃÃÂ½ x Rizazz pure basmati rice
2699,hot chilli powder
2700,fresh crabmeat
2701,lemons nutmeg
2702,white medium sliced loaf of bread
2703,celery hearts
2704,dry cider
2705,sole
2706,light olive oil oil
2707,vegetarian stilton
2708,cashew
2709,white ready-to-roll icing
2710,green food colouring
2711,gingerbread trees
2712,black writing icing tube
2713,"orange sweet, such as a Tic-Tac or an orange hundred and thousand, for the nose"
2714,Hot toddy fruitcake mix
2715,cake board
2716,approx 65cm length wide ribbon
2717,Brazil nut
2718,fry beef strips
2719,roasted antipasto peppers
2720,red fruit compote
2721,Hobnobs or shortbread biscuits
2722,muscovado sugar
2723,mango sorbet
2724,"country-style loaf, such as Pan Rustico"
2725,8-10 anchovies (leave these out
2726,green pesto
2727,French dressing
2728,"all the innards, wings and bones"
2729,hot smoked salmon
2730,juice of 2 limes
2731,coriander stems
2732,sesame oil sauce
2733,fresh oregano or marjoram leaves
2734,juice of 1ÃÃÂ½ lemons
2735,green and 10 purple basil leaves
2736,American long grain rice
2737,pack smoked salmon
2738,fruits orange
2739,mugs basmati rice
2740,fresh baby spinach
2741,sundried tomato purÃÃÂ©e
2742,glass red wine beef stock
2743,coarsely grated fresh coconut
2744,turnip
2745,leaves from the beetroot
2746,toasted hazelnuts
2747,boiled potato
2748,corned beef
2749,"butter bean, drained"
2750,packs good-quality pork sausage
2751,"redcurrant jelly, to taste (optional)"
2752,Hob Nobs (biscuits)
2753,baby tomato
2754,"chicken stock, fresh, cube or concentrate"
2755,filo pastry sheets
2756,portobello mushrooms
2757,"lettuce, tomatoes and sliced red onion"
2758,pack beetroot (not in vinegar)
2759,mackerel fillets
2760,pack meatball
2761,caramelised onion marmalade or onion chutney
2762,red apples
2763,dry sherry (fino)
2764,oxtail
2765,bay leaves and thyme
2766,"red onions, peeled, cut into wedges"
2767,raw beetroot
2768,green leaves
2769,rashers thin-cut smoked streaky bacon
2770,chopped coriander stalks
2771,can white crabmeat
2772,ÃÃÂ½ finger-length chunk of cucumber
2773,1kg Chantenay carrots
2774,few lemon thyme
2775,"can butter or cannellini bean, drained and rinsed"
2776,cantaloupe melon
2777,cocktail
2778,swordfish
2779,lemons grapefruit
2780,"dried cranberries, cherries or blueberries, or a mix"
2781,jar antipasti marinated mushroom
2782,salad leaves and garlic bread
2783,and 150 gram pack thinly sliced smoked salmon
2784,salad leaves and vinaigrette
2785,pack pancetta bacon
2786,finely diced red onion
2787,lemon wedges and watercress
2788,tilapia fillets
2789,Thai basil leaves
2790,x 20cm round Christmas cake
2791,glycerine
2792,silver dragees
2793,approx 65cm wide silver ribbon
2794,approx 65cm clear snowflake ribbon
2795,grated zest 1 and juice o limes
2796,"plain chocolate digestives, finely crushed"
2797,chocolate curls to decorate (optional)
2798,onion and garlic passata
2799,bag pasta shapes
2800,tomato passata tomatoes
2801,coarse breadcrumb
2802,"wholemeal chapatis, low-fat natural yogurt and mango chutney, to serve"
2803,flour tortilla wrap
2804,black beans beans
2805,pickled jalapeÃÃÂ±o pepper
2806,spicy salsa
2807,grated zest 1 orange
2808,gluten-free mincemeat
2809,raspberry yogurt
2810,artificial pink food colouring
2811,"whole cooked crab, picked, or"
2812,"small splash, about 5 tablespoon, white wine"
2813,shredded vegetable suet
2814,grated fresh nutmeg
2815,pork medallions
2816,juice and zest 1 lemon
2817,"corn, sunflower or vegetable oil"
2818,smoked bacon lardon ham
2819,"1ÃÃÂ½ teaspoon hot, sweet paprika"
2820,basmati and wild rice mix
2821,finely grated zest and juice 1 lime
2822,pack extra-lean lamb mince
2823,rocket leaves and raita
2824,tandoori curry powder
2825,salted capers
2826,"waxy yellow fleshed new potatoes, such as Charlottes, cut into medium chunks"
2827,wafers
2828,Jersey Royal potato scrubbed
2829,garden radishes
2830,food colourings
2831,crystallised ginger
2832,fresh thyme
2833,rotisserie chicken
2834,"red onion, cut into thin half-moon slices"
2835,pots fromage frais
2836,pack Garlic & herb cream cheese
2837,beef tomatoes
2838,Spanish onion
2839,smoked Spanish paprika
2840,chicken wings
2841,ÃÃÂ¼ teaspoon sweet paprika
2842,corn cobs
2843,lamb cutlets
2844,tub fresh salsa
2845,wholemeal burger buns avocado
2846,chipolata sausages
2847,x 200g/7oz packs crumbly goat's cheese
2848,button mushroom
2849,"mix of sweetcorn, peas, chopped, peppers, broccoli, carrots or other veg"
2850,mini chocolate eggs
2851,"quantity of batter (see 'Goes well with', below)"
2852,balti curry paste
2853,can chicken or beef consommÃÃÂ©
2854,sourdough bread loaf
2855,frozen garden pea
2856,Toulouse sausages
2857,whole piece of smoked streaky bacon or pancetta
2858,good-quality chopped canned Italian tomatoes
2859,white haricot beans or cannellini beans
2860,fine white breadcrumbs
2861,pheasant legs
2862,madeira cake crumbs
2863,cocoa and icing sugar
2864,pack chicken liver
2865,Ras el Hanout spice mix
2866,chopped spring onions
2867,small rolls
2868,clementine
2869,orange blossom water
2870,Savoy or green cabbage
2871,each butter and olive oil
2872,2-3 rump or sirloin steaks
2873,packs basil
2874,ciabatta and salad
2875,can lychees in syrup
2876,x 425 gram cans fresh mixed tropical fruit
2877,seedless red grape
2878,macaroons or coconut biscuits
2879,boneless skinless chicken breasts
2880,smoked lardon
2881,packet 8oz cooked penne
2882,sachet gelatine
2883,apples apples
2884,redcurrants
2885,pumpkin or butternut squash flesh
2886,orange and juice of half
2887,x 200g/8oz thick pollock fillets
2888,rindless rashers good streaky bacon
2889,"pack chestnut or button mushrooms, wiped clean"
2890,carton 50% fat crÃÃÂ¨me fraÃÃÂ®che
2891,bacon loin chops
2892,Seville orange marmalade
2893,fruit compote
2894,pack fine French bean
2895,bag baby spinach
2896,"pack small, cooked beetroot (not in vinegar), thinly sliced, then shredded"
2897,salmon caviar
2898,dill sprigs
2899,sunflower seed
2900,dried berries
2901,coconut flakes coconut
2902,level teaspoon gelatine
2903,rum brandy
2904,ÃÃÂ¼ quantity tomato sauce
2905,black treacle sugar
2906,sprouting broccoli
2907,olive oil and extra lemon wedges
2908,300ml/ÃÃÂ½ pt semi-skimmed milk
2909,reduced fat crÃÃÂ¨me fraÃÃÂ®che
2910,corn tortillas
2911,pack fresh lasagne sheets
2912,x tomato and chargrilled vegetable sauce
2913,dry breadcrumbs
2914,100g/4oz sachet stir fry sauce
2915,no-need-to-cook egg noodles
2916,jar lemon curd
2917,brandy snap baskets
2918,stoned black olives
2919,oysters
2920,scallops scallops
2921,raw tiger prawns
2922,"large shallot, chopped as finely as possible"
2923,pollock
2924,x 125g/4ÃÃÂ½oz pieces salmon
2925,dark chocolate chocolate icing
2926,red split lentils
2927,"can tomatoes, whole or chopped"
2928,pack bocconcini (baby mozzarella balls)
2929,semi-dried tomatoes
2930,lettuce leaves tomato and tomato sauce
2931,Jersey Royal potato potatoes
2932,227g pack paneer (Indian cooking cheese
2933,lemon wedges and sweet chilli sauce
2934,crÃÃÂ¨me fraÃÃÂ®che or ice cream
2935,flat-leaf parsley and basil
2936,ÃÃÂ½ white cabbage
2937,buttermilk or low-fat natural yogurt
2938,salt and pepper
2939,skinless fillets of firm white fish
2940,plain chocolate chocolate
2941,hundreds and thousands
2942,can condensed milk
2943,cocoa powder chocolate
2944,salted roasted peanut
2945,white chocolate chunks
2946,pack shortbread biscuit
2947,tubs soft cheese
2948,punnet blackberry
2949,pot ready-made custard
2950,"golden caster sugar, plus extra for rolling"
2951,"plain chocolate, 70% cocoa solids"
2952,mascarpone light
2953,holly sprigs
2954,1ÃÃÂ½ kg braising beef beef cheeks
2955,madeira
2956,hot red chillies
2957,1kg new potatoes
2958,2ÃÃÂ½ kg white sugar
2959,"elderflower heads, stalks trimmed"
2960,white or wholemeal pitta breads
2961,x 150g/5oz tubs Greek yogurt
2962,stuffing
2963,Thai jasmine rice
2964,mixed garden leaves
2965,mini croustade cups
2966,pizza dough mix
2967,"rosemary sprig, leaves finely chopped"
2968,clementines juice 1
2969,silver balls and white stars
2970,"ÃÃÂ½ the top end of a butternut squash (about 250g), thinly sliced into rounds"
2971,garlic bread and salad
2972,ÃÃÂ¼ red onion
2973,leftover chicken
2974,coriander leaves and cooked basmati or jasmine rice
2975,"mixed vegetable, broad beans, peas and green beans"
2976,cooking chorizo sausages
2977,butter bean
2978,flageolet bean
2979,cheddar & parsley mash
2980,olive oil per portion
2981,chorizo ring
2982,chicken stock cubes
2983,ÃÃÂ½-1 teaspoon dried chilli flakes
2984,squeeze lime juice
2985,vegetable or sesame oil
2986,brown mustard seeds
2987,English honey
2988,oven-ready duck
2989,orange orange halved
2990,Chinese black vinegar
2991,Chinese pancakes
2992,spring onions cucumber
2993,live clams
2994,jar fiery chilli pesto
2995,"black mustard seeds, cumin seeds, turmeric"
2996,luxury fruit
2997,clotted cream and cherry jam
2998,vegetable oil oil
2999,"tomatoes, onion and mango chutney"
3000,caramel
3001,pineapple rings
3002,instant coffee powder or extract
3003,"dark chocolate, 70% cocoa solids, chopped"
3004,icing sugar and sweet vanilla cream
3005,pack shiitake or chestnut mushrooms
3006,vermicelli noodles
3007,low-sodium vegetable bouillon or 1 vegetable stock cube
3008,mashed potato and green beans
3009,wholeweat spaghetti
3010,bag new potatoes
3011,sprinkles
3012,Tabasco
3013,smoked trout fillets
3014,pizza base mix
3015,tomato pizza sauce
3016,boneless duck breast
3017,chicken liver
3018,game pheasant breast duck
3019,Armagnac
3020,watercress leaves
3021,ÃÃÂ½ nutmeg
3022,evaporated milk
3023,madeira loaf cake
3024,Disaronno
3025,pot fresh custard
3026,gluten-free breadcrumbs
3027,vanilla paste
3028,pheasants
3029,bread sauce
3030,satsumas
3031,ginger nut biscuit
3032,crystallised stem ginger
3033,banana shallots
3034,ÃÃÂ½ banana shallot
3035,black or green cardamom pod
3036,grated nutmeg
3037,tawny port
3038,Beaujolais red wine
3039,laksa paste
3040,tail-on prawn
3041,camembert cheese
3042,vermouth
3043,dried chilli flakes
3044,crackers bread
3045,leftover blue cheese
3046,leftover shelled nut
3047,edamame
3048,coriander leaves and fat-free Greek yoghurt
3049,coconut yogurt
3050,tandoori spice mix
3051,hot jacket potatoes
3052,300g/11oz caramel ice cream
3053,black cherry conserve
3054,400g/14oz Christmas cake
3055,"pitted black kalamata olive, roughly chopped"
3056,potatoes beans
3057,thyme sprigs and bay leaves
3058,baby carrots or baby Chantenay carrot
3059,tamarind pulp
3060,curry leaf
3061,golden muscovado sugar
3062,pouring cream
3063,frozen mixed berry
3064,honey or agave syrup
3065,ÃÃÂ½ finger length piece fresh root ginger
3066,mild red chillies
3067,ÃÃÂ¾ teaspoon garam masala
3068,lettuce and burger buns
3069,Cajun spice mix (or 1 each paprika cumin basil
3070,green peppers
3071,French mustard
3072,creamed horseradish
3073,oil butter
3074,2kg beef short ribs
3075,"2cm-piece galangal or ginger, peeled and chopped"
3076,400g/14oz luxury mixed fruit
3077,hot strong black tea
3078,orange marmalade
3079,cinnamon ginger
3080,brown ale
3081,greens
3082,caramel sauce
3083,"medium carrots, sliced (about 200g)"
3084,paprika cumin
3085,taco shells
3086,ÃÃÂ½ sweet potato
3087,coriander lime
3088,"red chicory, leaves separated"
3089,140g/ 5oz plain flour
3090,about 2kg/4lb 8oz topside joint of beef
3091,50g/ 2oz Jack-by-the-hedge
3092,x 15cm light fruitcake
3093,x 23cm zingy lemon cake
3094,1kg white ready-to-roll icing 'regal ice'
3095,light brown or 'teddy bear brown' food colouring paste
3096,pink or 'fuschia' food colouring paste
3097,blue or 'bluebell' food colouring paste
3098,edible glue
3099,a large smooth surface
3100,cake smoother
3101,sieve sugar
3102,15cm cake box
3103,30cm cake box
3104,selection of baby-themed biscuit cutters
3105,"coriander, leaves picked"
3106,sweet chilli dipping sauce
3107,tropical fruit juice
3108,chocolate sauce
3109,dulce de leche
3110,dried white breadcrumbs
3111,roasted pepper
3112,pack halloumi cheese
3113,toasted pitta breads
3114,"cooked prawn in chilli, lime and coriander"
3115,baby cooking chorizo
3116,few food colourings and writing icing pens
3117,sea salt and black pepper
3118,dried breadcrumb
3119,lemon and juice ÃÃÂ½
3120,jam and clotted cream
3121,lamb leg
3122,large glass red wine
3123,bulghar wheat
3124,juice of 2 lemon
3125,herb
3126,iceberg lettuce leaves
3127,celery sticks
3128,sweet white wine
3129,golden rum
3130,mix of dried cranberry and raisins
3131,x 150 gram cartons light Greek yogurt
3132,1ÃÃÂ½ kg Maris Piper potato
3133,brown crabmeat
3134,butter and icing sugar pistachios
3135,"orange, juice of ÃÃÂ½"
3136,basmati wild rice mix
3137,puy lentils
3138,low-fat cottage cheese
3139,"cranberry sauce, roast potatoes and vegetables"
3140,"cooked chestnut, quartered"
3141,chives and soured cream
3142,asparagus spear
3143,1l ham or pork stock
3144,frozen petit pois
3145,heather honey
3146,grenadine
3147,ÃÃÂ½ teaspoon five spice powder
3148,rice wine
3149,5cm length cucumber
3150,ÃÃÂ½ Little Gem lettuce
3151,raw large peeled prawn
3152,brown rice rice
3153,fillings
3154,root ginger
3155,"ÃÃÂ½ teaspoon each ground turmeric, ground white pepper coriander"
3156,unsweetened desiccated coconut
3157,ÃÃÂ½ teaspoon white wine vinegar
3158,"Greek yogurt, half fat"
3159,undyed
3160,orange oranges
3161,tub Neapolitan pasta sauce
3162,pkt fresh stuffed spinach and ricotta tortellini
3163,grated fresh parmesan
3164,shaved parmesan
3165,ÃÃÂ¾ teaspoon baking powder
3166,juice and grated zest of 1 large orange and 1 lemon
3167,grated parmesan and chilli flakes
3168,creamed horseradish sauce
3169,mature chedder
3170,"spatchcooked poussin, legs and breast pieces"
3171,jaggery sugar
3172,ground ginger
3173,chaat masala
3174,"dark chocolate cocoa solids, cut in small chunks"
3175,free range eggs
3176,grated gruyÃÃÂ¨re
3177,23cm thin-crust pizza base
3178,"can tuna in brine, drained and flaked"
3179,chermoula spice mix
3180,soy or fish sauce
3181,"pack mint, leaves only, roughly chopped"
3182,French green beans
3183,bay leaves and 2 sprigs rosemary
3184,joint beef fillet
3185,jalapeno chillies
3186,ÃÃÂ¼ teaspoon ground cinnamon
3187,curry salt
3188,"raw, peeled tiger prawn"
3189,parsley and coriander
3190,sort dark brown sugar
3191,salad leaves containing frisÃÃÂ©e and radicchio or red chicory
3192,KÃÃÂ¼mmel liqueur
3193,"3-4 large peaches, ideally white flesh"
3194,biscuit
3195,tuiles
3196,splash orange juice
3197,pork loin steaks
3198,ÃÃÂ½ punnet baby plum or cherry tomatoes
3199,ducks legs
3200,"mashed potatoes (700g/1lb 9oz potatoes), mashed with 25g/1oz butter"
3201,x parsley
3202,grated zest of a lemon
3203,peaches or nectarines depending
3204,honey golden caster sugar
3205,ready grated emmental
3206,pack cherry or plum tomatoes
3207,x brill
3208,"flat-leaf parsley, roughly chopped"
3209,chicken leg quarters
3210,x 125 gram balls buffalo mozzarella
3211,chopped fresh flat leaf parsley
3212,ready-made BÃÃÂ©arnaise sauce
3213,rashers of unsmoked bacon
3214,packs smoked salmon
3215,pot cream cheese
3216,salad onions
3217,salt dips
3218,4ÃÃÂ½ kg joint middle-cut gammon or lightly smoked bacon
3219,fine-cut whisky marmalade
3220,rasher lean back bacon
3221,ÃÃÂ½ bag baby leaf spinach
3222,dessert apple
3223,pack white bread and pizza base mix
3224,pack smoked lardon
3225,"(approx) each of a mix of firm vegetables, cut into bite-size pieces, such as aubergine, broccoli, courgette, mushrooms, red pepper and sweet potatoes"
3226,cardamom
3227,"flour, plus extra for rolling"
3228,"ciabatta loaf, torn in bite-sized pieces"
3229,fresh Caesar salad dressing
3230,sundried tomato
3231,quantity shortcrust pastry
3232,vegetarian mozzarella cheese
3233,1cm fresh ginger
3234,gluten-free breadcrumbs bread
3235,Caerphilly cheese
3236,tarragon or thyme leaves
3237,deep 24cm blind-baked pastry case
3238,hazelnut oil oil
3239,x 400 gram bags washed and prepared leaf spinach (not baby)
3240,tomato pasta sauce
3241,tomato rice
3242,"sunflower oil, sesame oil and caster sugar"
3243,Thai fish sauce and rice wine vinegar
3244,1l chicken or vegetable stock
3245,forced pink rhubarb
3246,sweet sherry
3247,shortbread biscuits
3248,carton thick Devon custard
3249,baby turnip
3250,cider
3251,6-9 chapatis
3252,sachet coconut cream
3253,French bean
3254,fish sauce soy sauce
3255,waffle ice-cream cones
3256,fudge
3257,litre vanilla ice cream
3258,juice ÃÃÂ½ orange
3259,"stem ginger in syrup, finely chopped"
3260,syrup ginger
3261,Olivio
3262,wholewheat muesli salt or sugar
3263,reduced fat Greek yogurt yogurt
3264,baby leaf spinach salad
3265,cod fillets
3266,salt flakes
3267,Guinness Extra stout
3268,ÃÃÂ½ avocado
3269,chilli paste
3270,squeeze lime or lemon juice
3271,fresh or frozen petits pois
3272,Chilli lime butter
3273,black lentils
3274,Italian herbs
3275,blanched hazelnut
3276,liqueur
3277,whole salmon fillet
3278,clotted cream or ice cream
3279,ready-rolled shortcrust pastry sheet
3280,egg salt
3281,bought hummus
3282,smoked salmon
3283,wholewheat spaghetti
3284,vines cherry tomatoes
3285,garlic garlic
3286,"goose or duck fat, or enough to totally submerge the duck legs"
3287,"lemons, juice of 1"
3288,x 120g/4ÃÃÂ½oz pieces cod
3289,"eating apples, peeled, cored and diced, about 600g"
3290,sugar cinnamon
3291,mild cheddar
3292,burger buns
3293,"lettuce, cucumber, gherkin, tomato and red onion"
3294,hand-cut slices best-quality brown or granary bread
3295,white meat
3296,"mixed herbs such as parsley, dill, tarragon, chervil and chives"
3297,oil oil
3298,block feta cheese
3299,sun-dried tomato paste
3300,lemon lemon juice
3301,sage apple & onion stuffing mix
3302,"1ÃÃÂ½ kg piece of sirloin, trimmed but not rolled"
3303,"bag of small shallots, trimmed and peeled"
3304,3oz butter
3305,thyme leaves and 1 thyme sprig
3306,ox kidney
3307,1kg trimmed British top rump beef
3308,flour seasoned with salt
3309,"chestnut mushroom, wiped and sliced"
3310,ÃÃÂ½ teaspoon dried mixed Italian herbs
3311,tub cream cheese
3312,blackcurrant conserve
3313,long-stem broccoli
3314,salad potato
3315,bag mixed watercress and spinach salad
3316,creamy blue cheese
3317,whole nutmeg
3318,1kg raisins
3319,soft fresh white breadcrumbs
3320,packet butter
3321,raw prawns
3322,packs straight-to-wok pad Thai noodles
3323,Lollo Rosso lettuce
3324,dried chilli
3325,bought shortcrust pastry)
3326,shelled fresh broad bean
3327,honey ham
3328,farmhouse Lancashire cheese
3329,100g/4oz pack honeycomb Toblerone
3330,dark chocolate curls
3331,cumin powder
3332,broad beans
3333,icing sugar raspberry lime drizzle
3334,tenderstem broccoli
3335,frozen soya bean
3336,sugarsnap peas
3337,"baby fennel bulbs (or 1 small regular one), finely sliced on the diagonal"
3338,Scotch bonnet chilli
3339,"pinto bean, rinsed and drained"
3340,"black-eyed bean, rinsed and drained"
3341,breasts of lamb
3342,cheap white wine
3343,boiled new potatoes and watercress salad
3344,boneless lamb
3345,new-season carrots
3346,pointed cabbages
3347,curly parsley leave
3348,tub tomato
3349,cumin and dried thyme
3350,x 400 gram can chopped tomatoes
3351,x
3352,1.8kg potatoes
3353,round grain risotto rice
3354,splash apple juice
3355,luxury
3356,flour flour
3357,"dark chocolate cocoa solids if you can), broken into pieces"
3358,serve with extra dill and rocket leaves
3359,split burger buns
3360,lettuce tomato sauce
3361,rib-eye steaks
3362,broad bean
3363,x watercress
3364,Mango & prawn skewers
3365,Little caviar jackets
3366,Sticky squash with sesame seeds
3367,Chorizo & chilli mini pizzas
3368,Goat's cheese on toast
3369,lean lamb neck fillet
3370,ÃÃÂ½ teaspoon ground cardamom or crushed cardamom seeds
3371,juice of 2 large limes
3372,"salad of red onion rings, halved cherry tomatoes and crisp lettuce"
3373,mint chutney
3374,yellow onions
3375,soft vegetarian goat's cheese
3376,shredless marmalade
3377,fine rice noodle
3378,firm tofu
3379,tikka masala paste
3380,coriander and lime wedges
3381,dark chocolate chocolate
3382,mixed basmati rice and wild rice
3383,shoulder of lamb
3384,pomegranates
3385,nugget of root ginger
3386,few rosemary needles
3387,un-dyed smoked haddock
3388,coriander and parsley
3389,paella rice
3390,juice ÃÃÂ½ small lemon
3391,walnut bread
3392,walnut or olive oil
3393,low-fat oaty biscuit
3394,fromage frais
3395,balsamic vinegar vinegar
3396,muesli
3397,"bag watercress, spinach and rocket salad mix"
3398,tub guacamole (or make your own)
3399,yogurt tub
3400,white chocolate Maltesers
3401,Creole seasoning
3402,trout fillets
3403,x 410 gram cans mixed beans
3404,green Thai chilli
3405,water chestnuts
3406,cooked new potatoes
3407,pot fresh cheese sauce
3408,cooked spaghetti or other pasta
3409,Cream tea bites
3410,Mini choc ice balls
3411,Cheat's lamingtons
3412,Apple & marzipan tarts
3413,Lemon fancies
3414,"each turmeric, garam masala and cumin seeds"
3415,avocado cream
3416,"eggs and 2 yolks, beaten"
3417,basil and parsley
3418,"lean rump steak, trimmed of fat, thinly sliced, then very finely chopped"
3419,wide sheets
3420,basil leaves and green salad leaves
3421,vegetable stock stock cube
3422,lobsters
3423,penne or other short pasta shape
3424,fresh peas
3425,pack 14oz sausages
3426,Basic sticky onions
3427,"thyme, leaves picked"
3428,"sweet chilli sauce lime wedges, shredded spring onion and red chilli, to serve"
3429,seeds vanilla vanilla
3430,full-fat Greek yogurt
3431,seeds ÃÃÂ½ vanilla pod vanilla paste
3432,"dark rum, brandy or orange juice"
3433,shallot onions
3434,rosemary and thyme sprigs
3435,parsley and basil
3436,instant coffee granules/powder
3437,x 50g/2 x 2oz chocolate caramel bars
3438,chocolate caramel bars
3439,crÃÃÂ¨me de mÃÃÂ»re liqueur
3440,approx chicken thigh
3441,lamb shanks
3442,eating apples
3443,ÃÃÂ½ orange
3444,punnet raspberries or blackberries
3445,mixed seeds
3446,snipped chives
3447,chilli dipping sauce
3448,grated cucumber
3449,bought toffee sauce
3450,drizzle with toffee sauce
3451,oranges fruits
3452,carton ÃÃÂ¼pint double cream
3453,pork shoulder joint
3454,olive
3455,gorgonzola cheese
3456,bag prepared young leaf spinach
3457,ginger cinnamon
3458,DesirÃÃÂ©e potato
3459,goose fat oil
3460,goose
3461,goose neck
3462,pumpkin flesh
3463,ÃÃÂ½ egg
3464,1.2l low-sodium chicken stock
3465,200g/7oz turkey
3466,lolly sticks or coffee stirrers
3467,sweets
3468,red and white tubes of writing icing
3469,"1kg raw, unpeeled beetroot"
3470,cider or red wine vinegar
3471,cooked chestnuts
3472,pork steaks
3473,1ÃÃÂ¼kg/2lb 12oz potato
3474,1kg braising steak
3475,pack baby button mushroom
3476,lamb lamb
3477,dried fruit and nuts
3478,chicken stock or lamb stock
3479,900g/2lb rabbit pieces
3480,edible green and pink food colourings
3481,crystallised violets
3482,crystallised roses or rose petals
3483,edible wafer flowers
3484,frozen pea and bean mix
3485,freshly blackberry
3486,pork and chilli sausages
3487,"sustainable tuna albacore tuna), drained and flaked"
3488,black olives in olive oil
3489,leftover lamb
3490,leftover gravy lamb stock
3491,fillet
3492,"can lentil in water, drained"
3493,juice and finely grated zest 1 lemon
3494,"side smoked skin-on haddock, approx 300g/11oz, pin-boned"
3495,maple syrup and chopped chives
3496,"pack dill, half finely chopped"
3497,salmon cheese
3498,ÃÃÂ½ lemon zest and juice
3499,sourdough loaf
3500,sweetened condensed milk
3501,dessicated coconut
3502,pink edible food colouring
3503,pork chops
3504,"soy sauce, brown sugar, honey"
3505,"dry sherry, or Shaohsing rice wine"
3506,chunky slices bread from
3507,fine green bean
3508,fig jam
3509,"pork belly, scored and boned (ask to keep the bones to make stock for the gravy)"
3510,1l/ 1ÃÃÂ¾ pints chicken stock pork bones
3511,can baked beans in tomato sauce
3512,marrow
3513,raita
3514,coconut oil oil
3515,red Indian chillies
3516,pack cubetti di pancetta
3517,juice ÃÃÂ½ lemon lemon
3518,nice Baby Gem lettuce leaves
3519,cayenne pepper and lemon wedges
3520,blade mace
3521,"1kg cauliflower, broken into large florets"
3522,white Malteser
3523,cake crumbs
3524,edible glitter
3525,"pack vacuum-packed chestnut, roughly chopped"
3526,tomatoes or cherry tomatoes
3527,generous pinch ground cardamom
3528,pinto bean
3529,500-600g/1lb 2oz-1lb 5oz lobe of free-range pork liver
3530,bar dark chilli chocolate
3531,"red onions, ÃÃÂ¼ finely chopped, the rest sliced"
3532,"sunflower oil or vegetable, plus extra for frying"
3533,Mexican salsa tomato
3534,mini paper cases
3535,empty egg boxes
3536,bone-in chicken thighs
3537,pheasant breasts
3538,egg beaten with a little milk
3539,nut
3540,850ml-1 litre/1ÃÃÂ½-1ÃÃÂ¾pts vegetable stock
3541,bag baby new potato
3542,splash white wine vinegar
3543,lamb shanks lamb
3544,merguez sausages
3545,"harissa, to serve (see recipe below)"
3546,Pimm's
3547,whipped cream and shortbread
3548,"unwaxed organic lemons, halved, plus a strip of peel"
3549,citric acid powder
3550,packs pork spare ribs
3551,Appleton rum
3552,buns
3553,few different food colourings
3554,icing and decorations
3555,500g/ 1lb 2oz Jersey Royal potato
3556,500g/ 1lb 2oz asparagus
3557,"thyme sprigs, leaves picked"
3558,sea bass fillets
3559,fenugreek
3560,chicken chicken jointed
3561,"pack gravadlax, torn into pieces, or smoked salmon trimmings"
3562,each caraway and cumin seed
3563,each parsley and dill
3564,ghee oil
3565,"each turmeric, garam masala and ground cumin"
3566,chapatis and rice
3567,dripping
3568,stewing lamb
3569,lamb kidneys
3570,"buns, salsa, onion and salad leaves"
3571,multiseed bagels
3572,"bag pink and white marshmallow, snipped into quarters"
3573,hot peppadew peppers
3574,sugar snap pea
3575,liquid pectin
3576,juice of 1 medium lemon
3577,"beef skirt, excess fat trimmed, cut into small chunks"
3578,1ÃÃÂ¼ teaspoon baking powder
3579,extra virgin rapeseed oil
3580,elderflower cordial or water
3581,1kg plums
3582,jars
3583,1kg black grape
3584,pared zest and juice 1 lemon
3585,300ml/ÃÃÂ½pint groundnut oil
3586,juice of 1 small orange
3587,unsalted pistachio
3588,red edible glitter and gold spray to decorate (optional)
3589,"ground cinnamon, freshly ground if possible"
3590,raw chicken breast per portion
3591,toasted flaked almonds coriander bread
3592,ÃÃÂ¾ teaspoon ground mixed spice
3593,"glacÃÃÂ© cherry, chopped (optional)"
3594,sweet stout
3595,Greek yoghurt
3596,bag frozen mixed berries
3597,melba toast or toasted soda bread
3598,organic salmon fillet
3599,pumpernickel sauce
3600,"Dijon mustard, cider vinegar oil"
3601,coconut oil
3602,lamb shoulder joint
3603,pomegranate seeds pomegranate
3604,natural smoked haddock
3605,peach preserve jam
3606,kg veal bones
3607,frozen fine green bean
3608,"frozen coley, or other white fish"
3609,spoonfuls Greek yogurt
3610,bread dough
3611,English Brie
3612,pickle
3613,shaoxing rice wine
3614,Provamel Yofu soya yogurt
3615,pecan pieces
3616,50g/2oz dairy-free spread
3617,Provamel Soya Dream soya cream
3618,BBQ sauce
3619,cinnamon or other spices
3620,"raisins, dried cranberries or any dried fruit"
3621,nuts
3622,ginger and garlic
3623,coriander leaves onions
3624,"red chilli, finely sliced (optional)"
3625,dairy-free spread
3626,butter or cheese
3627,stewing steak
3628,2l veg or ham stock
3629,digestive biscuits (about 10)
3630,full-fat cream cheese
3631,chocolate chips
3632,lavash bread bread
3633,cherry plum tomato
3634,hard goat's cheese
3635,"red chilli, seeds removed, finely chopped"
3636,"red chilli, seeds removed, thinly sliced"
3637,cooking oil spray
3638,buckwheat flour
3639,xanthan gum
3640,milky coffee
3641,Rice Krispies
3642,pot soured cream
3643,"quite ripe avocados, halved, peeled, stoned and diced"
3644,pork ribs
3645,pork stock cubes
3646,ÃÃÂ¼ teaspoon red food gel
3647,cherry juice
3648,ÃÃÂ½ tall glass) unsweetened soya milk
3649,cherry soya yogurt
3650,frozen cherry
3651,"baby caper in brine, drained and rinsed"
3652,smoked trout
3653,sourdough starter
3654,1ÃÃÂ½ l good-quality chicken stock
3655,suet
3656,orange orange juice
3657,orange food colouring (optional)
3658,orange chocolate
3659,x plum tomatoes
3660,fish or vegetable stock cube
3661,bag mixed seafood
3662,tandoori masala powder
3663,poppadums
3664,Madras curry powder
3665,"vegetable stock, or pea stock (to make your own"
3666,podded fresh pea
3667,slim spring onions
3668,dressed salad leaves
3669,podded fresh broad bean
3670,can chopped tomato with garlic & herbs
3671,finely grated zest ÃÃÂ½ lemon
3672,oregano leaves
3673,low-fat Greek yogurt
3674,"passion fruits, seeds and pulp removed"
3675,salted popcorn
3676,stale bread
3677,malted milk powder
3678,gelatine leaf
3679,"mozzarella cheese, torn into small chunks"
3680,jam-filled Swiss roll
3681,seeds vanilla pod
3682,natural full-fat yogurt
3683,ready-made mini meringues
3684,"thyme, half shredded, half left as sprigs"
3685,jars duck
3686,"chocolate loaf cake (un-iced), about 250g"
3687,dessert
3688,balloons
3689,strip of zest and juice orange
3690,prosecco
3691,shortbread biscuit
3692,"dried figs, prunes & cranberry, roughly chopped"
3693,multi-grain hoop cereal
3694,1ÃÃÂ¼kg shortcrust pastry
3695,rashers thick-cut smoked back bacon
3696,x peppers
3697,low-fat yogurt
3698,apple sauce apple
3699,mixed seed pumpkin
3700,"rosemary focaccia loaf, chopped into large chunks"
3701,"bacon lardons, smoked or unsmoked, or streaky rashers, snipped"
3702,vanilla bean paste
3703,sea salt crystals
3704,light mascarpone
3705,stuffing mix
3706,rye flour
3707,food colouring
3708,icing writing pens
3709,milk chocolate digestive biscuits
3710,herb oil
3711,rough sea salt
3712,rosewater (depending on your taste)
3713,rosÃÃÂ© petal pieces and crystallised rose petals
3714,ÃÃÂ½ teaspoon dried chilli flakes
3715,juice and zest 1 lime
3716,vanilla vodka
3717,peach schnapps
3718,peach juice
3719,soda
3720,frozen skinny French fries
3721,caraway or fennel seeds
3722,white or green cabbage
3723,ÃÃÂ½ x 400 gram can cherry tomatoes or chopped tomatoes
3724,chorizo-style cooking sausages
3725,"kaffir lime leaf, thinly sliced, or the grated zest ÃÃÂ½ lime"
3726,"ÃÃÂ½ red chilli, seeds removed, thinly sliced"
3727,five spice powder
3728,rose petals
3729,'long' peppercorns
3730,vanilla or coconut ice cream
3731,olive oil butter
3732,"grated nutmeg, to taste (optional)"
3733,West Indian hot pepper sauce
3734,juice ÃÃÂ½ small lime
3735,garlic & herb passata
3736,pitted black kalamata olive
3737,"pasta and a salad, or mash and green veg, to serve (optional)"
3738,romaine lettuce
3739,tub prawn cocktail
3740,blood orange juice
3741,salted almonds and olives
3742,baby leaves
3743,seeds pomegranate
3744,glucose syrup
3745,natural whole-milk yogurt
3746,dry mustard powder
3747,panko crumbs
3748,celery heart
3749,"Granny Smith, peeled, cored and finely sliced"
3750,extra-virgin olive oil or walnut oil
3751,fries
3752,2kg sweet potato
3753,coconut milk yogurt
3754,flaxseed
3755,mango chunks
3756,green peppercorns
3757,duck eggs
3758,"whole rabbit, cut into 6 pieces (get your butcher to do this)"
3759,light ale
3760,podded and peeled fresh broad bean
3761,sea trout or salmon fillets
3762,57g tub potted shrimp
3763,pork shoulder steak
3764,"salad with radish, cherry tomatoes or celery"
3765,ham hock
3766,celery sticks celery leaves
3767,rib-eye
3768,unsalted cashew
3769,ready-made meringue nests
3770,black tea
3771,juice of 2 oranges
3772,beef & bacon meatloaf
3773,undyed haddock
3774,fat duck
3775,1kg Maris Piper potato
3776,skinless smoked haddock fillet
3777,extra-lean lamb mince
3778,burger buns tomato and red onion
3779,pot thick Greek yogurt
3780,green popping candy
3781,jar sundried tomato pesto
3782,jar hot salsa
3783,cheese-flavoured tortilla chip
3784,wholemeal pitta bread
3785,"watercress, spinach and rocket salad mix"
3786,bourbon biscuits
3787,pre-steamed coconut basmati rice
3788,can boneless sardine in olive oil
3789,green pitted olives
3790,orange liqueur
3791,large cooked beetroot
3792,"asparagus spear, stalks chopped, woody ends discarded"
3793,"ciabatta loaf, sliced in half lengthways"
3794,green olive
3795,x 400 gram cans chopped tomatoes with garlic & herbs
3796,"Baby Gem lettuces, leaves torn"
3797,pack lemon sole goujons
3798,pinhead oatmeal
3799,"celery heart, stalks removed, thinly sliced"
3800,white balsamic or white wine vinegar
3801,veal escalopes
3802,green salad potatoes bread
3803,lamb loin chops
3804,ÃÃÂ¼ cucumber
3805,"black bean (from a can), drained and rinsed well"
3806,lime wedges cream tortillas
3807,dried lasagne sheets
3808,sesame-seed buns
3809,red leicester
3810,lamb's lettuce
3811,"vine tomatoes, sliced lengthways"
3812,"mozzarella, olives, pepperoni, anchovies, basil, ham, rocket, sweetcorn, mushrooms, peppers"
3813,1.3l hot strongly-flavoured beef stock
3814,French bread
3815,sesame or olive oil
3816,whole raw beetroot
3817,beetroot juice
3818,pot barley
3819,plain yogurt
3820,nasi goreng paste
3821,pouch cooked basmati rice rice
3822,veal shoulder
3823,fruit & nut bread
3824,pack diced mutton or lamb shoulder
3825,2kg large potato
3826,green beans and wilted spinach with nutmeg
3827,"red onion, cut into half-moon slices"
3828,light coconut milk
3829,brined green peppercorn
3830,carrots and broccoli
3831,"large egg, at room temperature, separated"
3832,semolina almonds
3833,low-fat cream cheese with garlic & herbs
3834,leaves
3835,spring green
3836,"coriander leaves, rice and yogurt"
3837,granola
3838,cream or ice cream
3839,green garlic
3840,"250-300g/9-10oz soft cheese goat's cheese, ricotta or Philadelphia"
3841,potato artichokes asparagus
3842,"tiny raw broad bean, young radishes"
3843,"or pepper, wedges or raw fennel or celery"
3844,allow vegetables
3845,focaccia loaf
3846,"sugar snap pea, finely sliced lengthways"
3847,"pot of cress, picked"
3848,croÃÃÂ»ton
3849,ancho chillies
3850,limes and juice of 1
3851,green apples
3852,light olive oil
3853,"dry white wine, such as Sauvignon Blanc"
3854,"watercress, cucumber, herbs and lemon wedges"
3855,300g/11oz piece rump or sirloin steak
3856,"stir-fry vegetable (we used beansprouts, spring onions, peppers, cabbage and mushrooms)"
3857,4ÃÃÂ½ teaspoon baking powder
3858,red paste food colouring
3859,juice ÃÃÂ½ lime and juice ÃÃÂ½ lemon
3860,white wine or cider vinegar
3861,cherry vine tomato
3862,"baby spinach, washed and thoroughly dried"
3863,450 millilitre cream
3864,calves' liver
3865,"ÃÃÂ½ small bunch thyme, leaves picked"
3866,"mango, peeled, stoned and cut into bite-sized chunks"
3867,whole peppercorn
3868,green bird's-eye chillies
3869,"galangal or ginger, peeled and sliced"
3870,kaffir lime peel
3871,coriander stalks
3872,shrimp paste
3873,baby aubergine
3874,Hob Nobs
3875,sumac
3876,natural yogurt saffron
3877,x duck
3878,hot dog rolls
3879,caster sugar sugar
3880,400g/14oz chunk white cabbage
3881,edible food colouring
3882,tubs cream cheese
3883,full-fat coconut yogurt or natural yogurt coconut
3884,crusty white rolls
3885,shop-bought shortcrust pastry
3886,raspberry conserve or jam
3887,small glass of white wine
3888,1.2l hot vegetable stock
3889,"firm peach (about 8), peeled and cut into small dice"
3890,thumb-sized red chillies
3891,mushrooms mushrooms
3892,ÃÃÂ½ teaspoon cardamom pod
3893,chunk fresh ginger
3894,pancakes
3895,1ÃÃÂ½ teaspoon cumin seed
3896,mint and parsley
3897,lean steak
3898,rotis
3899,chickpea flour flour
3900,vermicelli rice noodle noodles
3901,x 20cm round rice paper wrappers
3902,ÃÃÂ½ teaspoon whole cloves
3903,vacuum-packed beetroot
3904,nigella seeds
3905,pearled spelt
3906,pea pods
3907,ÃÃÂ½ small bag mixed salad leaves
3908,gooseberries
3909,rice and Indian breads
3910,ras-el-hanout
3911,elderflowers
3912,"unsalted peanut, toasted and cooled"
3913,X 397g cans Carnation caramel
3914,soft dairy toffee
3915,ÃÃÂ½ teaspoon flaky sea salt
3916,soya beans
3917,"ÃÃÂ½ avocado, flesh scooped out"
3918,juice ÃÃÂ½ lemon lemon wedge
3919,cinnamon cinnamon
3920,Sichuan peppercorn
3921,"courgettes, halved lengthways and cut into chunks, on the diagonal"
3922,"wholemeal bread, broken into chunky breadcrumbs"
3923,"soft, floury subs or hot dog rolls"
3924,light salad cream
3925,preserved lemon
3926,banana shallot
3927,"salad dressing, to serve"
3928,sesame seed oil
3929,vanilla cream
3930,crunchy butter biscuit
3931,ginger nuts
3932,sachet fajita seasoning
3933,grated pecorino or Parmesan
3934,ciabatta roll
3935,peri-peri marinade
3936,stoned
3937,fig
3938,cream cream
3939,stir-fry vegetable
3940,dried pasta
3941,can tuna in sunflower oil oil
3942,soured cream cheese
3943,"cauliflower, cut into large florets"
3944,"wholemeal roll, whizzed to breadcrumbs"
3945,"chicken thigh, cut into bite-sized pieces"
3946,"fresh white bread, whizzed to breadcrumbs"
3947,1kg sweet potato
3948,wholemeal rolls
3949,"ÃÃÂ¼ x cucumber Lebanese cucumber), thinly sliced"
3950,block tofu
3951,"spring onion, shredded lengthways"
3952,beef steak
3953,jasmine rice rice
3954,crispy onion
3955,gammon
3956,cress
3957,fish pie mix
3958,pot cheese sauce
3959,balsamic or sherry vinegar
3960,"marrow flesh, coarsely grated and squeezed of any liquid"
3961,1ÃÃÂ½ kg mix of red pepper
3962,ripe tomato
3963,1ÃÃÂ½ l oil
3964,1kg Desiree potato
3965,"black Kalamata olive, stoned and quartered"
3966,1ÃÃÂ½ teaspoon (or 1 sachet) fast-action dried yeast
3967,"semolina, for rolling"
3968,salad and pickled Turkish chillies
3969,Mediterranean cucumber
3970,tub pomegranate seeds
3971,blackberry blackberries
3972,ÃÃÂ½ long red chilli
3973,"black kalamata olive in brine, drained"
3974,Lancashire cheese
3975,extra virgin olive oil
3976,caramel buttons
3977,NestlÃÃÂ© Carnation Caramel
3978,tub full-fat cream cheese
3979,soft toffee
3980,croissants
3981,dark chocolate drops- chocolate
3982,very finely grated zest 1 lemon
3983,yellow food colouring paste
3984,very finely grated zest 1 orange
3985,orange food colouring paste
3986,green food colouring paste
3987,freeze-dried blueberry
3988,blue food colouring paste
3989,purple food colouring paste
3990,pink food colouring paste
3991,disposable piping bags
3992,paintbrush
3993,extra-large round piping nozzle
3994,juice oranges
3995,dry white vermouth
3996,juniper berries Finely chopped
3997,medium-sized potato
3998,"frozen pea, cooked"
3999,sundried tomato pesto
4000,baby plum tomato
4001,sandwich baguette
4002,edamame beans
4003,favourite fruit pineapple
4004,nori
4005,"preserved lemons, rind chopped (discard the pulp and seeds)"
4006,wholewheat couscous
4007,sweetcorn cobs
4008,frozen baby broad bean
4009,Japanese panko breadcrumbs
4010,ÃÃÂ½ rounded teaspoon paprika
4011,gel food colouring
4012,drizzle sweet chilli sauce
4013,apple sauce apples
4014,approx 800 gram chopped pumpkin flesh
4015,salt and sugar
4016,x 400 gram cans mixed bean salad
4017,chipotle sauce
4018,Little Gem lettuce heart
4019,mayonnaise and ketchup
4020,"red onion, cut into wedges through the root"
4021,pickled ginger
4022,instant polenta
4023,smoked cheese
4024,piri-piri marinade
4025,crusty white bread
4026,pepperoni
4027,oregano leaves oregano
4028,Portobello mushroom
4029,x 185 gram cans tuna in sunflower oil
4030,regular-sized flour tortillas
4031,ÃÃÂ½ teaspoon ground coriander
4032,semi-dred tomato
4033,hazelnut chocolate spread
4034,dark rum juice
4035,custard or ice cream
4036,saffron strands (optional)
4037,quinces
4038,walnut half
4039,crisp pears
4040,red chicory or radicchio
4041,bresaola
4042,pack Lincolnshire sausage
4043,vacuum-packed chestnut from a can or jar
4044,large pasta shells
4045,mature Lancashire cheese
4046,pickled cabbage beets
4047,diced butter
4048,wood pigeons
4049,small glass of red wine
4050,cooked beetroots (not in vinegar)
4051,"rapeseed, vegetable or sunflower oil"
4052,butternut squash or pumpkin flesh
4053,biscuits and Greek yogurt
4054,crÃÃÂ¨me fraÃÃÂ®che or single cream
4055,7g sachet or 1ÃÃÂ½ teaspoon fast-action dried yeast
4056,pack cooked beetroot (not in vinegar)
4057,remaining caramel
4058,'00' flour
4059,1kg butternut squash chunks
4060,tomato soup
4061,extra toasted pitta bread
4062,French's yellow mustard
4063,candy floss
4064,plastic spiders
4065,x salmon
4066,small pack baby salad leaves
4067,fresh red chilli
4068,straight-to-wok fine rice noodle
4069,"raw peeled prawn, chopped"
4070,orzo pasta
4071,five-spice
4072,shredded ham
4073,black bean sauce
4074,2l cherry juice
4075,thumb-sized red chilli
4076,"Dracula's fangs sweets (available from sweet shops), to serve, optional"
4077,packs lime jelly
4078,selection of animal and bug sweets
4079,x 154g packs Oreo biscuits
4080,popping corn
4081,white onion
4082,red and yellow pepper
4083,1kg courgette
4084,1kg aubergine
4085,light feta cheese
4086,sliced spring onion
4087,sliced cucumber
4088,small peppers of any colour
4089,lighter mature cheddar
4090,pack cooked and peeled whole chestnut
4091,bag salad leaf
4092,mashed root veg
4093,sausagemeat sausages
4094,small eating apple
4095,red
4096,grated parmesan and green salad
4097,hot curry powder
4098,basmati rice coriander
4099,Thai tom yum curry
4100,pack cooked egg or rice noodle
4101,crisp taco shells cream
4102,blackberry conserve
4103,1kg good-quality braising steak
4104,pack ready rolled all-butter puff pastry
4105,large raw prawn
4106,pastry
4107,Swiss chard
4108,pouch cooked puy lentils
4109,chard
4110,pots brown and white crabmeat
4111,x 500 gram packs trimmed leek
4112,cod fillet
4113,gluten-free fish sauce
4114,cinnamon bark
4115,balsamic vinegar black pepper
4116,egg yolks
4117,"smalls stem ginger, finely chopped, plus 1 tablespoon syrup"
4118,piping nozzle
4119,cook's blowtorch
4120,"squash, peeled (you may need to use the ends of 2 squashes)"
4121,pack shallot
4122,blue wensleydale cheese
4123,braising steaks
4124,1.6kg Bramley apple
4125,granulated white sugar
4126,agave syrup or honey
4127,wholemeal pasta shapes
4128,ras el hanout
4129,1.3l hot vegetable stock
4130,"Greek-style yogurt and 1 tablespoon finely chopped mint, to serve (optional)"
4131,shredded curly kale
4132,Cajun seasoning mix
4133,70% cocoa dark chocolate
4134,brown rice and low-fat Greek yogurt
4135,"1kg potato, cut into large even-sized pieces"
4136,soft mixed herb
4137,lean beef
4138,Tenderstem broccoli spears
4139,Chinese rice wine vinegar or white wine vinegar
4140,hot chilli sauce
4141,orange and 1 lemon
4142,apple apple
4143,beef suet
4144,herby sausages
4145,rashers streaky dry-cured smoked bacon
4146,dark brown muscovado sugar
4147,eggs (this will be 150ml)
4148,red onion marmalade
4149,red glacÃÃÂ© cherry
4150,green Regal-Ice Ready to Roll icing
4151,edible green glitter
4152,x salted butter
4153,"box After Eights, broken"
4154,turquoise food colouring
4155,Regal-Ice Ready to Roll icing
4156,peppermint extract
4157,clementines orange
4158,Cointreau orange liqueur
4159,stem ginger cream
4160,lemon juice lemon
4161,ÃÃÂ¼ teaspoon ground pepper
4162,plum jam
4163,edible gold powder
4164,cooked beetroot (not in vinegar)
4165,chocolate chip
4166,cookie cutters or cardboard to make templates
4167,plastic straws
4168,icing and sprinkles
4169,Cointreau liqueur
4170,orange flower water
4171,3cm wide ribbon
4172,silver balls
4173,"olive oil, plus a drizzle for toasting the nuts"
4174,leaf
4175,manchego
4176,quince jelly
4177,sourdough toast
4178,cornichons or sliced gherkins
4179,dressed bitter leaves
4180,pack dry-cured smoked streaky bacon
4181,bay leaves and chopped thyme
4182,"juices from the turkey (see 'goes well with', right)"
4183,dry vermouth
4184,olive or lemon peel
4185,tequila
4186,lime juice lime
4187,triple sec
4188,salt lime
4189,duck breast
4190,ÃÃÂ½ large pack thyme
4191,sugar syrup granulated sugar
4192,Scotch whisky
4193,soda water
4194,maraschino cherry (optional)
4195,peach purÃÃÂ©e or peach nectar
4196,white rum
4197,almond syrup almond syrup
4198,juice of half a lime
4199,maraschino cherry
4200,lemonade
4201,mint cucumber
4202,seeds vanilla
4203,pink ready-to-roll icing
4204,edible lustre spray
4205,icing roses
4206,rose
4207,mini sugar butterfly
4208,pink cake board
4209,Barbie-style doll
4210,plain full-fat Greek yogurt
4211,ready-to-roll white icing
4212,ready-to-roll pink icing
4213,ready-to-roll lilac or light blue icing
4214,chewing gum
4215,sugar blossoms
4216,coloured cake board
4217,wooden skewer
4218,coloured sandwich flags
4219,ÃÃÂ½ teaspoon peppermint extract
4220,chocolate chocolate footballs
4221,green ready-to-roll icing
4222,black ready-to-roll icing
4223,"little food colouring paste, choose team colours"
4224,novelty candles
4225,crustless white bread
4226,ÃÃÂ¾ teaspoon bicarbonate of soda
4227,mini Toblerones
4228,malt chocolate balls
4229,chocolate caramels
4230,mini chocolate fingers
4231,chocolate skull
4232,blue food colouring
4233,30cm square cake board
4234,black
4235,drinking straws
4236,sandwich flags
4237,royal icing
4238,liquorice Catherine wheels
4239,iced party ring biscuits
4240,chocolate coated biscuit sticks
4241,dolly mixture sweets
4242,Lego firemen
4243,2ÃÃÂ½ kg Maris Piper potatoes
4244,1kg parsnip
4245,2kg mixed root vegetable potatoes
4246,butter olive oil
4247,pack wild & brown basmati rice
4248,finely grated zest ÃÃÂ½ orange
4249,black liquorice
4250,salted pecan
4251,coffee liqueur
4252,chocolate mini rolls
4253,ginger biscuit
4254,icing sugar and cream
4255,Malibu
4256,orange water
4257,vanilla bean paste or extract
4258,raspberry jelly
4259,milk chocolate biscuits
4260,Cointreau or other Christmassy booze
4261,rose harissa
4262,ready-cooked vacuum-packed chestnut
4263,3ÃÃÂ½ kg boneless tied gammon joint
4264,lemon sorbet
4265,juice and strips of zest from ÃÃÂ½ lemon
4266,merguez sausage
4267,red pepper & harissa sauce
4268,ready-made meatballs
4269,tub fresh tomato & basil sauce
4270,grapes
4271,ComtÃÃÂ©
4272,mini chorizo sausages
4273,Tapenade toast
4274,beetroot-cured smoked salmon
4275,lemon juice and a little zest
4276,x 12cm rectangle of all-butter puff pastry
4277,banana shallot shallots
4278,low-fat cream cheese
4279,leftover stuffing
4280,"sage, leaves picked"
4281,carton passata with onion & garlic
4282,pack filo pastry sheets (6 sheets)
4283,leaf salad and raita
4284,Moroccan spice mix or ras el hanout
4285,tub fresh cheese sauce
4286,"cooked chicken, torn or cut into bite-sized chunks)"
4287,polenta or cornmeal
4288,minute steaks
4289,lean turkey mince
4290,brown mushroom
4291,x tomato with garlic & herbs
4292,pasta basil leaves
4293,pack baby sweetcorn & sugar snap peas
4294,pack pepper stir-fry vegetable
4295,skinless firm white fish fillets
4296,jar passata with garlic & herbs
4297,low-sodium lamb stock
4298,salad and flatbreads
4299,"salad leaves and low-fat dressing, to serve"
4300,ÃÃÂ½ x 400 gram can reduced-fat coconut milk
4301,garlic-flavoured oil
4302,lean lamb cutlets
4303,1l low-sodium vegetable or chicken stock
4304,"spicy chorizo sausages, cut into small pieces (see tip, below)"
4305,ready-prepared kale
4306,ÃÃÂ½ teaspoon paprika
4307,pasta egg
4308,mixed peas and podded broad bean (frozen is fine)
4309,dark soft brown sugar
4310,porridge oat (not jumbo)
4311,peanut brittle bar
4312,chicken leg or thigh pieces
4313,ÃÃÂ¾ orange
4314,ÃÃÂ¼ orange
4315,lamb shoulder
4316,can reduced-fat coconut milk
4317,"rice, chutneys and pickle"
4318,mature Double Gloucester or other hard cheese
4319,Carnation caramel
4320,"tangy eating apple, peeled, half chopped, half thinly sliced"
4321,"pecan, half finely chopped, half roughly broken"
4322,pomegranate juice juice juice
4323,ÃÃÂ¼ teaspoon arrowroot mixed with 1 teaspoon cold water
4324,orange and green food colouring
4325,coconut milk rice
4326,sliced bamboo shoot
4327,raw shelled prawn
4328,lime wedges and sliced green chillies
4329,Japanese vinegar
4330,fondant icing sugar
4331,large cookies
4332,mini chocolate beans
4333,pretzel
4334,tube black writing icing
4335,walnut whips
4336,chocolate flavour ready-to-roll fondant icing
4337,red fruit pastilles
4338,orange fruit pastille
4339,black writing icing
4340,dark chocolate chip
4341,1ÃÃÂ½ l
4342,strawberry laces
4343,Pontefract cakes
4344,round black Liquorice Allsorts
4345,orange Tic Tacs
4346,mini white marshmallows
4347,mini candy canes
4348,lolly
4349,chocolate cake
4350,pretzels
4351,"jelly sweets, red chocolate beans"
4352,packet of flaked almond
4353,126g packet of giant white chocolate button
4354,packet standard-sized white chocolate button
4355,gold edible glitter
4356,"fine string, for hanging the biscuits"
4357,rice pops
4358,icing holly leaves
4359,"ÃÃÂ½ tablespoon dried, chopped cranberry mixed with ÃÃÂ½ tablespoon cranberry sauce"
4360,mushroom pÃÃÂ¢tÃÃÂ©
4361,rosemary springs or bay leaves
4362,"dried fig, hard stalks removed, thinly sliced"
4363,"mixed nuts (almonds, walnuts, Brazils, hazelnuts)"
4364,golden linseed
4365,orange apple
4366,turkey rashers
4367,wholegrain bread
4368,hemp protein powder
4369,chia seeds
4370,watercress spinach
4371,"oil and white wine vinegar, or lemon wedges"
4372,"frozen grilled vegetable mix (peppers, aubergine, onion, courgettes)"
4373,ricotta bread
4374,ÃÃÂ½ teaspoon finely chopped red chilli
4375,basil oregano
4376,"x 120 gram cans sardines in olive oil, drained, oil reserved (optional)"
4377,frozen butternut squash chunks
4378,pack ready-to-eat red & white quinoa
4379,"small banana, diced"
4380,Chinese leaves
4381,tub low-fat natural cottage cheese
4382,whole cherry tomato
4383,0% fat bio yogurt
4384,buckwheat noodle
4385,shredded white cabbage
4386,dried green lentil
4387,pot 0% fat probiotic natural yogurt mint
4388,carton tomato passata
4389,broccoli and potatoes
4390,pack skinless sustainable fish fillets
4391,pork leg roasting joint
4392,Savoy cabbage and peas
4393,frozen leaf spinach
4394,"black Kalamata olive, chopped"
4395,pack extra-lean minced lamb
4396,0% plain probiotic yogurt
4397,green vegetables
4398,pot 0% fat probiotic yogurt
4399,juice 6 clementines
4400,pot 0% fat probiotic plain yogurt
4401,blueberries raspberries
4402,"passion fruit, orange or lemon curd"
4403,passion fruit juice
4404,0% fat probiotic plain yogurt
4405,broken walnut halves
4406,tamarind purÃÃÂ©e
4407,sirloin beef steaks
4408,papayas
4409,"pack coriander, leaves picked"
4410,"pack mint, leaves picked"
4411,ÃÃÂ½ large cucumber
4412,"crÃÃÂ¨me fraÃÃÂ®che, to serve (optional)"
4413,apricot in fruit juice
4414,persimmons
4415,bar of dark chocolate
4416,celery celery leaves
4417,beef fillet
4418,lamb meatballs
4419,"baby mixed vegetables, such as baby corn peas"
4420,x 400 gram cans chopped tomatoes or cherry tomatoes
4421,226g jar mild salsa
4422,tortilla chip
4423,brown rice and salad
4424,ÃÃÂ½ teaspoon caraway seed
4425,pasta potato bread
4426,"small cooked beetroot (not in vinegar), cut into wedges"
4427,ÃÃÂ½ large pack rocket
4428,corn oil oil
4429,black cardamom pod
4430,squeeze of ÃÃÂ½ lime
4431,bread basmati rice
4432,egg yolks egg
4433,lettuce rice
4434,Korean chilli paste
4435,Korean soy bean paste
4436,gold leaf
4437,x 7g sachets dry active yeast
4438,lemon extract
4439,20 fish fingers
4440,tub ready-made coleslaw
4441,mini flour tortillas
4442,grated mozzarella
4443,pack pink wafer biscuits
4444,pistachio ice cream
4445,"shelled pistachio, finely chopped"
4446,fruitcake Christmas pudding
4447,chocolate-covered caramel (we used Rolos)
4448,edible gold lustre
4449,jar cocktail or maraschino cherries
4450,cherry compote or jam
4451,ready-made Yorkshire puddings
4452,"ÃÃÂ½ x 198g can sweetcorn, drained"
4453,pack chocolate chip cookie dough
4454,can mandarin in juice
4455,tomato oil
4456,raw green lentils
4457,ready-made aromatic crispy duck
4458,"spring onions, shredded lengthways"
4459,"dark chocolate, use a bar broken into pieces, or chips"
4460,"yellow and orange artificial food colouring pastes (see tip, below)"
4461,"picked and washed frisÃÃÂ©e salad, or other bitter leaves"
4462,beef cheeks
4463,dark ale
4464,"choose from the following fillings: cucumber strips, smoked salmon, white crabmeat, canned tuna, red pepper, avocado, spring onion"
4465,flour tortilla
4466,cooked and peeled prawn
4467,agave nectar or golden caster sugar
4468,custard vanilla yogurt
4469,purple sprouting broccoli
4470,x bags baby spinach
4471,pumpkin winter squash or butternut squash
4472,ready-roasted red peppers
4473,ÃÃÂ½ teaspoon sherry vinegar
4474,x 100 gram bags baby spinach leaves
4475,ÃÃÂ½ small pack coriander leaves
4476,"medium, ripe avocados, halved, stoned, peeled and roughly chopped"
4477,red kidney bean
4478,ÃÃÂ¼ teaspoon mild or medium chilli powder
4479,"tomatoes, seeds removed, finely chopped"
4480,fresh wholemeal breadcrumb
4481,clear honey or agave syrup
4482,rolled oats ÃÃÂ½ jumbo oats and ÃÃÂ½ porridge oats)
4483,0% fat natural yogurt
4484,dark chocolate shavings
4485,"red chilli, shredded (optional)"
4486,Desiree potato
4487,frozen butter
4488,ground pepper
4489,dried apricots
4490,rolling pin
4491,metal piping nozzle
4492,pastry brush
4493,several Little Gem lettuce leaves
4494,some chopped spring onion
4495,"slice wholegrain seeded bread or rye, or wholegrain pitta, to serve"
4496,spoonfuls hummus
4497,"slice wholemeal seeded bread or rye, or wholegrain pitta, to serve"
4498,pink sprinkles
4499,"pomelo, grapefruit or lime juice"
4500,just-ripe avocado
4501,red bird's-eye chilli
4502,pomelo grapefruit
4503,fragrant rice and steamed greens vegetables
4504,shop-bought duck confit legs
4505,slim carrot
4506,potatoes and watercress
4507,gingernut biscuit
4508,limes juice
4509,pistachio or other nuts
4510,pot reduced-fat Greek-style yogurt
4511,red Romano peppers
4512,pack semi-dried tomatoes & mozzarella balls in olive oil
4513,Middle Eastern flatbreads
4514,sausagemeat
4515,ketchup and green salad
4516,fajita spice mix
4517,Little Gem lettuce and Tabasco sauce
4518,rice broccoli
4519,liquid chicken stock
4520,Thai basil leaves basil leaves
4521,toasted unsalted cashew
4522,chilli bean sauce
4523,celery sticks and good crusty bread
4524,beef shin
4525,Guinness or other stout
4526,polenta flour
4527,chicken stock stock
4528,"pack raw, peeled king prawn"
4529,"butternut squash seeds removed, chopped into small pieces"
4530,gluten-free curry powder
4531,gluten-free chicken or vegetable stock
4532,"leftover chicken carcass, or 4 skinless chicken thighs"
4533,rose water
4534,really butter
4535,thyme or rosemary
4536,ÃÃÂ½ teaspoon violet essence
4537,violet and pink food colourings
4538,crystallised roses and violets
4539,lean bacon joint
4540,1ÃÃÂ¼kg potato
4541,bag rocket or baby leaf salad
4542,pork & apple sausages
4543,"potato and cauliflower (see 'goes well with', right)"
4544,bananas and 1 very overripe banana
4545,dark brown soft sugar
4546,pot full-fat Greek yogurt
4547,garlic powder
4548,Creamed corn & bacon
4549,rashers unsmoked streaky bacon
4550,"397g can caramel, reserving 2 tablespoon for the chocolate layer"
4551,"ripe banana, thinly sliced"
4552,jerk seasoning cinnamon
4553,"black beans, drained and rinsed well"
4554,"pot of natural yogurt and shredded lettuce, to serve (optional)"
4555,"medium bananas, firm to ripe, peeled and cut into 1cm cubes"
4556,whole rainbow trout
4557,coriander sprigs
4558,bag raw prawn
4559,beef short ribs
4560,Chinese black rice wine vinegar
4561,Thai red chilli
4562,"brown sugar or honey, sliced bananas, grated apple"
4563,honey & mustard dressing
4564,beef meatballs
4565,mushroom soup
4566,potato cabbage
4567,"mango chutney, natural yogurt and naan bread"
4568,225 chorizo ring
4569,tomato olives
4570,can pilchard in tomato sauce
4571,pack dried black olive with herbs
4572,udon noodle
4573,"vacuum-packed cooked beetroot (not in vinegar), cut into wedges"
4574,chickens
4575,rhubarb stems
4576,paccheri pasta
4577,"fusilli lunghi or another long, thin pasta shape"
4578,"king prawn, deveined"
4579,scallop
4580,"mussel, shells cleaned"
4581,saffron hot water
4582,"butternut squash seeds discarded, flesh chopped into small cubes"
4583,fontina
4584,strozzapreti
4585,anchovy oil
4586,Greek-style coconut yogurt
4587,mango juice
4588,"dry sherry, or white wine"
4589,pineapple in juice
4590,round wholemeal pitta breads
4591,frozen broad bean
4592,"white bean, rinsed and drained"
4593,white or brown miso paste
4594,2ÃÃÂ½ teaspoon garam masala
4595,ÃÃÂ½ teaspoon clear honey
4596,garlic granules
4597,fine breadcrumb
4598,wholewheat noodle
4599,ÃÃÂ¼ Chinese cabbage
4600,jar passata
4601,ÃÃÂ¼ teaspoon smoked sweet paprika
4602,wilted greens
4603,1kg King Edward potato
4604,4g 0% fat Greek yogurt
4605,light condensed milk
4606,frozen blackberry
4607,crystallised orange peel
4608,quail eggs
4609,"skinless smoked haddock fillet, cut into 2-3cm cubes"
4610,"cannellini beans, drained and rinsed"
4611,panko breadcrumbs
4612,peas and broad bean
4613,whole milk
4614,malted grain bread flour
4615,"fresh ginger, peeled and roughly chopped"
4616,balti paste
4617,kalonji
4618,rabbit
4619,small-ish leek
4620,"cooked beetroot (not in vinegar), or homegrown"
4621,polenta cornmeal
4622,skin-on chicken pieces
4623,"polenta, cornmeal or polenta flour"
4624,buttermilk yogurt
4625,oranges orange
4626,shredded coconut
4627,orange icing
4628,brown or barbecue sauce
4629,few good squeezes of lemon or lime juice
4630,vegetable or olive oil
4631,yogurt and naan bread
4632,"mixed shelled nut, roughly chopped (any mixture of almonds, hazelnuts, walnuts, pecans and pistachios)"
4633,vegetable stock made
4634,pack parsley
4635,gruyÃÃÂ¨re cheddar
4636,oven chips
4637,artichoke antipasto oil
4638,spinach & ricotta ravioli
4639,mirin or clear honey
4640,beef frying steak
4641,Chantenay carrot
4642,hot-smoked trout fillets
4643,green apple
4644,pack radish
4645,1l lamb or beef stock
4646,2kg new potato
4647,pack giant couscous
4648,"packs feta cheese, crumbled into chunky pieces"
4649,shredded wheat
4650,cocktail skewers
4651,1ÃÃÂ½ teaspoon clear honey
4652,ÃÃÂ½ and juice 1 lemon
4653,"caster sugar, plus 2 tablespoon for the whipped cream"
4654,pared zest and juice ÃÃÂ½ orange
4655,juice 2 oranges
4656,trifle sponges
4657,breads
4658,seeds from ÃÃÂ½ vanilla pod
4659,2ÃÃÂ½ sheets leaf gelatine
4660,caramelised white chocolate
4661,x 8cm round tartlet cases or crumpet moulds
4662,6-hole 7cm silicone dome mould
4663,Cadbury's Dairy Milk chocolate
4664,"Daim bar, finely chopped chocolate"
4665,salted pretzel sticks
4666,chocolate-covered raisin
4667,chocolate eggs
4668,"chocolate chip (milk or dark, whichever you prefer), or currants or raisins"
4669,"tortilla wraps, natural yogurt, lime halves"
4670,oil spray
4671,Camargue red rice or other wild rice
4672,juice and zest 2 limes
4673,vegan-friendly yeast extract
4674,quinoa quinoa quinoa
4675,extra-virgin rapeseed oil
4676,brown basmati & wild rice mix
4677,extra virgin olive or rapeseed oil
4678,good handfuls rocket leaves
4679,"courgettes baby courgettes (or a mixture), sliced"
4680,"parsley, mint or basil (or a mixture), roughly chopped"
4681,salad leaves or herbs
4682,pack sugar snap pea
4683,"radish colours and shapes if you can), sliced"
4684,curly round lettuce
4685,podded and skinned broad bean
4686,juice of the other ÃÃÂ½ lemon
4687,1kg small ripe (but not overripe) strawberry
4688,"bag spinach, watercress and rocket"
4689,"Chinese leaf, trimmed and finely shredded"
4690,tzatziki
4691,paprika paprika
4692,"red, orange or yellow pepper"
4693,olive oil or sesame oil
4694,rice beans chicken beans
4695,"red, orange or yellow peppers"
4696,pack Continental sliced meats
4697,vegetarian pesto basil
4698,half-fat crÃÃÂ¨me fraÃÃÂ®che coriander leaves bread rolls
4699,ciabatta loaf
4700,sparkling red wine
4701,coriander parsley
4702,"warm flatbread or toasted pitta, cucumber sticks and radishes"
4703,red peppers baby peppers
4704,Spanish-style sausages
4705,Marsala
4706,packs cream cheese
4707,pork loin
4708,"white marzipan, shop bought or make your own (see tip, below)"
4709,paste food colouring
4710,wheat
4711,reduced salt soy sauce
4712,avocados lime
4713,salt soy sauce
4714,dry chickpea
4715,1ÃÃÂ½ teaspoon ground coriander
4716,sunflower or rapeseed oil
4717,splash white wine
4718,pink radishes
4719,agave syrup or dark brown sugar
4720,pack pea shoots
4721,reduced-salt soy sauce
4722,ÃÃÂ½ teaspoon sunflower oil oil
4723,margarine
4724,soya custard
4725,vegan milk
4726,ÃÃÂ¼ teaspoon baking powder
4727,glacÃÃÂ© cherry
4728,eggs and 2 egg yolks
4729,clotted cream or vanilla ice cream
4730,"digestive biscuit, broken up"
4731,hazelnut chocolate
4732,couscous yogurt
4733,"herb chives, thyme, parsley and mint"
4734,1.2l vegetable stock
4735,puff pastry round sheet
4736,"fruits peaches, nectarines and apricots), sliced"
4737,peach jam
4738,parsley bread
4739,eggs and 1 yolk
4740,rashers of your favourite bacon
4741,green salad and bread
4742,pack sponge finger
4743,mix of nectarines and peach
4744,ice and sparkling water
4745,gluten-free brown bread flour
4746,"almond nut butter (make your own with recipe in 'goes well with', right)"
4747,mild oil
4748,quick-cook brown basmati or wild rice
4749,tamari
4750,canned tuna chunks
4751,Baby Gem lettuce lettuce
4752,potato chicken
4753,multigrain wraps
4754,ÃÃÂ¼ red chilli
4755,barley couscous
4756,jumbo porridge oat
4757,almond milk
4758,wheat-free pitta bread pockets
4759,"falafels, halved (from Falafels with hummus recipe, in 'goes well with', below right)"
4760,salmon fillets salmon
4761,salt tamari
4762,lemon or lime juice
4763,vermicelli rice noodle
4764,tamari or soy sauce
4765,linseed
4766,"almond butter (make your own with the 'goes well with' recipe, right)"
4767,grapefruit (you will need about 100 gram flesh)
4768,guacamole
4769,Cajun grilled chicken breasts
4770,lamb's lettuce or baby spinach leaves
4771,semi-dried tomatoes oil
4772,quick-cook brown basmati rice
4773,small white cabbage
4774,frittata cheese
4775,ÃÃÂ½ teaspoon dried thyme
4776,smoked or regular paprika
4777,"black-eyed bean from a can, drained (or butter or cannellini beans"
4778,semi-dried tomato
4779,oatcakes
4780,apple coleslaw
4781,good sauvignon blanc
4782,undiluted elderflower cordial
4783,"long pasta, such as linguine, spaghetti or tagliatelle"
4784,Jamaican jerk paste
4785,large ready-made pizza bases
4786,either parsley
