white malt vinegar,$0.89
miso paste,$3.99
mirin,$3.19
crispy breadcrumbs,$2.49
halibut,$10.99
clams,$1.79
podded broad beans,$10.99
fine beans,$1.69
cannellini bean  butter or haricot beans,$0.99
white flour,$1.39
mixed herb,$3.99
baking potatoes,$0.99
sugar brown sugar,$2.19
spoonfuls hot Indian lime pickle,$2.29
chorizo sausage,$2.89
chargrilled artichokes,$4.99
sweet marsala,$2.49
shredded suet or light shredded vegetable suet,$2.29
few rosemary sprigs  leaves chopped,$3.29
lemon shortbread lemon,$3.69
fresh parmesan,$2.29
sheet shortcrust pastry,$4.89
grated cheddar cheese,$2.29
1kg mixed dried fruit apricots pineapple,$2.59
sherry tea,$12.99
whole or flaked almonds  chopped hazelnuts  walnuts or brazil nuts  optional ,$1.99
tub soft cheese icing sugar  to make icing,$4.29
oranges  juice of 2,$1.79
kiwi fruit,$3.69
pineapple chunks,$1.29
juice limes,$2.09
ancho,$3.49
tortilla chips tortilla strips  see below   chopped avocado  lime wedges  red onion,$1.99
black mustard seeds and toasted cumin seeds,$2.79
green chilli  optional ,$1.99
14oz 400 gram can Puy or green lentils rinsed and drained,$1.49
x packs cubetti di pancetta,
natural yogurt and chapatis,$2.59
lean pork escalopes or loin steaks,$4.29 / per lb
baby romaine lettuces,$1.99
Thai rice noodle,$3.19
Atlantic prawn,$9.99
vegetable bouillon powder stock,$3.19
can green lentil,$1.49
Maris Piper potato,$1.99
flavoursome cheese,$6.39
whipped cream,$2.39
brownies chocolate sponge,$1.29
streaky bacon  diced  or diced pancetta or lardons,$3.29
pack of prosciutto,$4.99
cornichons  toast and salad leaves,$2.49
jam,$1.99
1l double cream,$2.99
finely grated zest 2 large lemon,$3.69
egg egg,$3.19
level teaspoon cornflour,$3.59
orzo,$1.69
few thick slices chicken or turkey breast,$8.39
crisps,$2.99
parsley and tarragon leaves,$1.89
rabbit legs,$12.19
unrefined demerara sugar,$4.99
mixed peppers,$5.99
seafood mix,$1.79
mint and coriander,$1.55
pink grapefruits  segmented,$1.00
cooked large prawn,$7.89
mint  leaves picked,$0.99
rye bread,$3.79
custard,$6.19
jam stem ginger,$9.99
malted grain brown bread flour flour,$4.29
ghee,$8.49
raw peeled prawn,$6.99
roquefort cheese,$4.29
mixed seed,$5.69
curry paste curry,$3.99
pack lamb mince,$8.39
crispy bacon rashers,$2.59
bread mix,$1.69
spelt flour,$7.79
wild or cultivated mushrooms,$20.49
few rosemary or thyme,$0.85
cheese cheese,$2.49
baby potato,$1.39
pumpkin seed,$4.59
cocoa and grated white chocolate,$4.79
lean beef skirt,$7.99 / per lb
frozen sliced peppers,$4.99
carton passata,$8.39
poppy seed,$3.49
grated courgette,$3.99
caramelised onion chutney,$1.49
sandwich baguettes,$1.29
stewing beef,$7.99 / per lb
00 flour flour flour,$3.29
x 95 gram cans skinless and boneless sardines in tomato sauce,$9.99
passion fruit pulp passion fruits,$3.59
Seville oranges,
parsnips kale,$2.99
crunchy biscuit,$4.49
really ripe peaches,$13.59
pine nuts and basil leaves,$3.69
green lentil,$0.55
soy sauce sea salt,$2.29
macadamia nut,$5.99
hot smoked paprika,$3.39
soft dark brown sugar,$1.79
mixed dried vine fruit,$3.99
baguette and English mustard,$13.49
oat,$3.99
prawn,$6.99
2kg mixed summer berry,$14.99
x 1kg packs jam sugar,$2.39
citric acid,$3.49
chilli sauce,$2.69
rice and greens,$1.59
pared zest orange,$24.97
splash brandy,$9.89
good pinch five spice powder,$1.29
lightly crushed Weetabix,$4.50
chips,$3.99
milk and water,$2.99
shelled pistachio,$11.69
1kg tomato,$0.99
good drizzle honey,$5.69
buffalo mozzarella,$4.99
white anchovies,$1.89
grapefruit juice,$2.79
redcurrant sauce,$2.79
pork sausage,$2.49
splash red wine vinegar,$2.59
onions and carrots,$2.29
tablet lime jelly,$499.99 - $649.99
chicken thigh fillets,$3.99 / per lb
marjoram,$2.34
Italian red wine,$34.99
x plum tomato,$1.89
garlic and herb,$2.29
shredded suet,$1.79
brandy rum,$12.50
mirin rice wine,$3.19
brown rice,$1.49
preserving sugar,$4.69
cherry brandy or orange juice,$1.89
white marzipan,$2.19
icing sugar sugar,$1.39
watermelon flesh,$3.99
skewers,$1.99
citrus fruit,$1.49
white grapefruit,$5.99
agave nectar,$5.39
pork rib,$3.99 / per lb
pomegranates pomegranate seeds,$2.99
boneless lamb steaks,$6.99
low fat natural yogurt,$1.29
green tea matcha powder,$9.99
garlic salt salt,$1.29
lavender,$6.99
yellow and purple food colouring,$3.19
range egg yolks,$11.29
1l sunflower or vegetable oil,$4.99
chicken wing,$4.29 / per lb
hot sauce,$2.79
celery seeds,$3.99
pack soft blue cheese,$3.99
chicken breast fillets,$1.99 / per lb
ham hocks,$4.49 / per lb
smoked back bacon,$7.79
pain de campagne bread,$1.09
sweetcorn kernels or a 198g can  drained,$0.55
a large sprinkling of Cajun seasoning,$2.69
mixed vegetables,$0.89
Jaffa Cakes,$10.39
orange sorbet,$3.99
raspberry sauce,$2.89
packet chicken breast,$4.99 / per lb
Savoy cabbage leaves,$1.79
pack fresh mint,$3.00
pack mushrooms,$0.89
large aubergine  sliced into quarters lengthways,$5.49
white chicory,$5.99
dry white wine  chicken stock or water,$14.99
carrot cucumber,$0.99
spicy sausage chunks,$2.99
veggie or chicken stock cube,$1.89
waxy potatoes,$3.99
x 400 gram cans mixed beans  drained and rinsed,$2.29
carton passata tomatoes,$2.69
grated vegetarian cheddar,$4.99
medium egg noodle,$0.85
basil oil,$7.99
bag wild rocket,$35.00
braising steak,$13.99 / per lb
red wine stock,$24.99
beans beans,$1.49
Moroccan spice seasoning,$3.19
sherry vinegar or red wine vinegar,$2.59
large gammon steak,$11.99 / per lb
basmati rice and wild rice,$1.49
red chilli flakes,$0.85
sweet potato carrots,$1.39
baby leek,$1.89
baby baby corn,$1.39
Portobello mushrooms,$2.19
pine nut or sunflower seeds,$1.69
vinaigrette and soy sauce,$1.99
limes lemon,$5.99
lingonberry preserve or cranberry sauce,$1.59
pinch of crushed dried chillies  to taste,$0.99
Chinese egg noodles,$1.99
dessert apples,$0.99
Christmas stuffing,$15.00
onion butternut squash,$3.99
chunky skinless white fish fillets,$6.99
grated mature cheddar,$3.79
bag prepared fresh baby spinach,$3.29
summer berries,$4.99
pot of organic red fruits compote,$7.49
mozzarella cheese,$2.29
Little Gem lettuce leaves,$2.49
vinaigrette dressing,$3.29
4oz redcurrant jelly,$3.19
sweetcorn kernels,$0.55
garlic sea salt,$2.59
thyme thyme,$2.99
extra butter,$2.59
Old Bay seasoning  optional ,$3.89
juice lemons,$2.09
cannellini bean or haricot beans,$0.99
bay leaf and a sprig of fresh thyme,$3.69
panettone,$20.49
carton double cream cream,$2.39
blood orange,$5.19
quantity thick royal icing,$3.49
serve bread,$1.99
pasta sauce,$1.99
tin beans,$3.89
hot chilli powder,$0.99
fresh crabmeat,$7.99
lemons nutmeg,$4.69
white medium sliced loaf of bread,$2.99
celery hearts,$2.29
dry cider,$3.29
sole,$2.99
light olive oil oil,$6.19
vegetarian stilton,$22.49
cashew,$5.99
green food colouring,$3.19
gingerbread trees,$5.49
black writing icing tube,$1.99
Hot toddy fruitcake mix,$0.99
cake board,$12.99
approx 65cm length wide ribbon,$19.59
Brazil nut,$6.89
fry beef strips,$7.99 / per lb
roasted antipasto peppers,$0.69
red fruit compote,$2.29
Hobnobs or shortbread biscuits,$2.99
muscovado sugar,$2.79
mango sorbet,$2.99
green pesto,$3.99
French dressing,$1.19
all the innards  wings and bones,$6.99
hot smoked salmon,$6.99
juice of 2 limes,$2.09
coriander stems,$24.19
sesame oil sauce,$4.89
fresh oregano or marjoram leaves,$2.59
green and 10 purple basil leaves,$6.49
American long grain rice,$2.69
pack smoked salmon,$7.99
fruits orange,$5.29
mugs basmati rice,$2.49
fresh baby spinach,$3.49
glass red wine beef stock,$1.89
coarsely grated fresh coconut,$1.69
turnip,$22.34
leaves from the beetroot,$25.99
toasted hazelnuts,$5.99
boiled potato,$3.69
corned beef,$2.99 / per lb
butter bean  drained,$0.89
redcurrant jelly  to taste  optional ,$3.19
Hob Nobs  biscuits ,$1.39
baby tomato,$2.69
chicken stock  fresh  cube or concentrate,$2.39
filo pastry sheets,$4.89
portobello mushrooms,$2.19
lettuce  tomatoes and sliced red onion,$0.99
pack beetroot  not in vinegar ,
mackerel fillets,$2.49
pack meatball,$2.99 / per lb
caramelised onion marmalade or onion chutney,$5.99
red apples,$3.29
dry sherry  fino ,$2.29
oxtail,$15.59
bay leaves and thyme,$2.59
red onions  peeled  cut into wedges,$1.99 / per lb
raw beetroot,$9.99
green leaves,$8.49
chopped coriander stalks,$2.99
can white crabmeat,$2.39
1kg Chantenay carrots,$1.29
few lemon thyme,$0.85
can butter or cannellini bean  drained and rinsed,$0.99
cantaloupe melon,$2.69
cocktail,$5.99
swordfish,$10.00
lemons grapefruit,$14.99
dried cranberries  cherries or blueberries  or a mix,$3.49
jar antipasti marinated mushroom,$0.89
salad leaves and garlic bread,$2.59
and 150 gram pack thinly sliced smoked salmon,$1.99 / per lb
salad leaves and vinaigrette,$1.99
pack pancetta bacon,$7.79
finely diced red onion,$0.69
lemon wedges and watercress,$4.79
tilapia fillets,$6.99
Thai basil leaves,$3.99
x 20cm round Christmas cake,$12.00
glycerine,$10.29
silver dragees,$32.99 - $56.99
approx 65cm wide silver ribbon,$19.99
approx 65cm clear snowflake ribbon,$12.49
grated zest 1 and juice o limes,$3.89
plain chocolate digestives  finely crushed,$17.99
chocolate curls to decorate  optional ,$5.99
onion and garlic passata,$0.69
bag pasta shapes,$1.79
tomato passata tomatoes,$1.89
coarse breadcrumb,$1.59
flour tortilla wrap,$2.69
black beans beans,$0.85
spicy salsa,$2.49
grated zest 1 orange,$10.99
raspberry yogurt,$3.89
artificial pink food colouring,$2.99
whole cooked crab  picked  or,$6.99
small splash  about 5 tablespoon  white wine,$24.99
shredded vegetable suet,$0.59
grated fresh nutmeg,$2.09
pork medallions,$3.99 / per lb
juice and zest 1 lemon,$29.99
corn  sunflower or vegetable oil,$1.19
smoked bacon lardon ham,$4.49 / per lb
basmati and wild rice mix,$1.49
finely grated zest and juice 1 lime,$1.59
rocket leaves and raita,$12.46
tandoori curry powder,$5.29
salted capers,$1.39
waxy yellow fleshed new potatoes  such as Charlottes  cut into medium chunks,$1.99
wafers,$2.99
Jersey Royal potato scrubbed,$10.99
garden radishes,$12.99
food colourings,$10.99
crystallised ginger,$4.59
fresh thyme,$2.79
rotisserie chicken,$1.99 / per lb
pots fromage frais,$3.79
beef tomatoes,$1.89
Spanish onion,$0.99
smoked Spanish paprika,$3.39
chicken wings,$4.29 / per lb
corn cobs,$2.29
lamb cutlets,$4.89
tub fresh salsa,$3.79
wholemeal burger buns avocado,$2.69
chipolata sausages,$3.69
button mushroom,$10.89
mix of sweetcorn  peas  chopped  peppers  broccoli  carrots or other veg,$1.99
mini chocolate eggs,$3.19
balti curry paste,$3.99
sourdough bread loaf,$2.99
frozen garden pea,$1.59
Toulouse sausages,$2.99
whole piece of smoked streaky bacon or pancetta,$1.99 / per lb
white haricot beans or cannellini beans,$0.99
fine white breadcrumbs,$0.99
pheasant legs,$33.99
madeira cake crumbs,$1.99
cocoa and icing sugar,$4.19
pack chicken liver,$2.99 / per lb
Ras el Hanout spice mix,$0.85
chopped spring onions,$2.29
small rolls,$2.79
clementine,$4.99
orange blossom water,$15.00
Savoy or green cabbage,$1.79
each butter and olive oil,$1.69
packs basil,$3.99
ciabatta and salad,$3.99
can lychees in syrup,$1.49
x 425 gram cans fresh mixed tropical fruit,$1.69
seedless red grape,$4.99
macaroons or coconut biscuits,$4.49
boneless skinless chicken breasts,$1.99 / per lb
smoked lardon,$1.39
packet 8oz cooked penne,$2.99
sachet gelatine,$2.29
apples apples,$8.99
redcurrants,$27.49
pumpkin or butternut squash flesh,$2.79
orange and juice of half,$2.79
rindless rashers good streaky bacon,$5.99
pack chestnut or button mushrooms  wiped clean,$1.79
bacon loin chops,$4.29 / per lb
Seville orange marmalade,$2.99
fruit compote,$10.69
pack fine French bean,$0.55
bag baby spinach,$2.79
pack small  cooked beetroot  not in vinegar   thinly sliced  then shredded,$3.49
salmon caviar,$6.99
dill sprigs,$5.99
sunflower seed,$1.39
dried berries,$3.39
coconut flakes coconut,$1.69
level teaspoon gelatine,$9.99
rum brandy,$12.50
black treacle sugar,$5.49
sprouting broccoli,$1.99
olive oil and extra lemon wedges,$4.59
corn tortillas,$2.19
pack fresh lasagne sheets,$4.29
x tomato and chargrilled vegetable sauce,$0.95
dry breadcrumbs,$0.99
jar lemon curd,$2.99
brandy snap baskets,$20.00
stoned black olives,$1.99
oysters,$1.89
scallops scallops,$39.99
raw tiger prawns,$6.99
large shallot  chopped as finely as possible,$0.85
pollock,$7.99
dark chocolate chocolate icing,$1.49
red split lentils,$0.89
can tomatoes  whole or chopped,$1.89
pack bocconcini  baby mozzarella balls ,$4.29
lettuce leaves tomato and tomato sauce,$1.89
Jersey Royal potato potatoes,$0.99
227g pack paneer  Indian cooking cheese,$4.29
lemon wedges and sweet chilli sauce,$1.89
salt and pepper,$0.89
skinless fillets of firm white fish,$14.49
plain chocolate chocolate,$4.79
hundreds and thousands,$27.99
can condensed milk,$3.79
cocoa powder chocolate,$8.49
salted roasted peanut,$3.59
white chocolate chunks,$3.99
pack shortbread biscuit,$5.19
tubs soft cheese,$5.39
punnet blackberry,$2.79
golden caster sugar  plus extra for rolling,$27.99
mascarpone light,$4.49
holly sprigs,$5.00
madeira,$39.99
hot red chillies,$12.59
1kg new potatoes,$0.99
elderflower heads  stalks trimmed,$199.99
white or wholemeal pitta breads,$2.69
stuffing,$1.99
Thai jasmine rice,$2.99
mixed garden leaves,$16.19
mini croustade cups,$2.99
pizza dough mix,$0.99
rosemary sprig  leaves finely chopped,$3.29
clementines juice 1,$3.14
silver balls and white stars,$11.49
garlic bread and salad,$3.99
leftover chicken,$18.99
coriander leaves and cooked basmati or jasmine rice,$1.49
mixed vegetable  broad beans  peas and green beans,$1.99
cooking chorizo sausages,$5.19
butter bean,$0.99
flageolet bean,$1.09
olive oil per portion,$7.29
chorizo ring,$3.89
chicken stock cubes,$1.99
squeeze lime juice,$2.09
vegetable or sesame oil,$7.29
brown mustard seeds,$1.79
English honey,$5.69
orange orange halved,$9.99
Chinese black vinegar,$3.69
Chinese pancakes,$19.89
spring onions cucumber,$3.49
live clams,$17.39
jar fiery chilli pesto,$2.39
black mustard seeds  cumin seeds  turmeric,$2.99
luxury fruit,$2.57
clotted cream and cherry jam,$3.59
vegetable oil oil,$6.69
tomatoes  onion and mango chutney,$2.89
caramel,$2.19
pineapple rings,$0.99
instant coffee powder or extract,$4.59
icing sugar and sweet vanilla cream,$1.39
pack shiitake or chestnut mushrooms,$2.19
vermicelli noodles,$2.99
mashed potato and green beans,$2.39
wholeweat spaghetti,$1.79
bag new potatoes,$3.59
sprinkles,$3.99
Tabasco,$3.69
smoked trout fillets,$4.19
pizza base mix,$0.99
tomato pizza sauce,$1.89
boneless duck breast,$1.99 / per lb
chicken liver,$6.99 - $24.99
game pheasant breast duck,$17.79
Armagnac,$26.49
watercress leaves,$4.99
evaporated milk,$1.19
madeira loaf cake,$2.39
Disaronno,
pot fresh custard,$1.99
vanilla paste,$5.39
pheasants,$30.99
bread sauce,$1.99
satsumas,$12.99
ginger nut biscuit,$1.39
crystallised stem ginger,$6.99
banana shallots,$1.49
black or green cardamom pod,$10.99
grated nutmeg,$2.09
tawny port,$24.99
Beaujolais red wine,$2.59
laksa paste,$0.45
camembert cheese,$5.59
vermouth,$2.29
dried chilli flakes,$6.99
crackers bread,$2.19
leftover blue cheese,$1.39
leftover shelled nut,$1.99
edamame,$3.49
coconut yogurt,$5.49
tandoori spice mix,$3.59
hot jacket potatoes,$1.99
black cherry conserve,$2.19
pitted black kalamata olive  roughly chopped,$1.59
potatoes beans,$4.29
thyme sprigs and bay leaves,$4.49
baby carrots or baby Chantenay carrot,$1.29
tamarind pulp,$5.69
curry leaf,$36.99
golden muscovado sugar,$2.29
pouring cream,$3.19
frozen mixed berry,$2.69
honey or agave syrup,$7.99
mild red chillies,$0.99
lettuce and burger buns,$2.89
Cajun spice mix  or 1 each paprika cumin basil,$0.85
green peppers,$3.49
French mustard,$1.99
creamed horseradish,$2.69
oil butter,$2.89
2kg beef short ribs,$6.99 / per lb
hot strong black tea,$5.79
orange marmalade,$2.99
cinnamon ginger,$3.99
brown ale,$1.99
greens,$21.99
caramel sauce,$1.99
medium carrots  sliced  about 200g ,$0.65
paprika cumin,$1.19
taco shells,$1.79
coriander lime,$1.55
red chicory  leaves separated,$24.99
x 15cm light fruitcake,$119.99
x 23cm zingy lemon cake,$2.19
edible glue,$1.19
a large smooth surface,$30.49
cake smoother,$9.99
sieve sugar,$14.99
15cm cake box,$40.00
30cm cake box,$1.49
coriander  leaves picked,$1.55
sweet chilli dipping sauce,$3.99
tropical fruit juice,$2.49
chocolate sauce,$1.99
dulce de leche,$2.69
dried white breadcrumbs,$0.99
roasted pepper,$2.99
pack halloumi cheese,$2.79
toasted pitta breads,$2.99
cooked prawn in chilli  lime and coriander,$1.29
baby cooking chorizo,$2.99 / per lb
few food colourings and writing icing pens,$3.19
sea salt and black pepper,$3.99
dried breadcrumb,$0.99
jam and clotted cream,$2.59
lamb leg,$489.99
large glass red wine,$24.99
bulghar wheat,$23.49
juice of 2 lemon,$3.49
herb,$20.99
iceberg lettuce leaves,$1.29
celery sticks,$2.99
sweet white wine,$3.19
golden rum,$5.99
mix of dried cranberry and raisins,$1.19
x 150 gram cartons light Greek yogurt,$3.29
brown crabmeat,$7.99
butter and icing sugar pistachios,$1.69
basmati wild rice mix,$1.49
puy lentils,$0.99
cranberry sauce  roast potatoes and vegetables,$1.99
cooked chestnut  quartered,$1.99 / per lb
chives and soured cream,$2.19
asparagus spear,$3.19
1l ham or pork stock,$1.99 / per lb
frozen petit pois,$2.59
heather honey,$29.99
grenadine,$3.29
rice wine,$3.19
5cm length cucumber,$4.89
raw large peeled prawn,$6.99
brown rice rice,$5.79
fillings,$2.79
root ginger,$4.99
unsweetened desiccated coconut,$3.19
Greek yogurt  half fat,$1.19
undyed,$13.79
orange oranges,$5.19
tub Neapolitan pasta sauce,$0.95
pkt fresh stuffed spinach and ricotta tortellini,$6.99
grated fresh parmesan,$3.99
shaved parmesan,$3.99
juice and grated zest of 1 large orange and 1 lemon,$2.79
grated parmesan and chilli flakes,$3.59
creamed horseradish sauce,$2.69
mature chedder,$1.59
spatchcooked poussin  legs and breast pieces,$24.99
jaggery sugar,$3.19
ground ginger,$3.89
chaat masala,$5.79
dark chocolate cocoa solids  cut in small chunks,$5.99
free range eggs,$5.49
can tuna in brine  drained and flaked,$1.29
chermoula spice mix,$0.85
soy or fish sauce,$2.49
pack mint  leaves only  roughly chopped,$3.99
French green beans,$0.55
bay leaves and 2 sprigs rosemary,$4.49
joint beef fillet,$8.99 - $11.99
jalapeno chillies,$1.29
curry salt,$5.99
raw  peeled tiger prawn,$6.99
parsley and coriander,$1.99
sort dark brown sugar,$1.79
biscuit,$1.99
tuiles,$24.99
splash orange juice,$3.59
pork loin steaks,$4.29 / per lb
ducks legs,$12.49
x parsley,$2.69
grated zest of a lemon,$35.49
peaches or nectarines depending,$0.89
honey golden caster sugar,$2.29
ready grated emmental,$24.99
pack cherry or plum tomatoes,$2.69
x brill,$59.99
chicken leg quarters,$1.49 / per lb
x 125 gram balls buffalo mozzarella,$4.49
chopped fresh flat leaf parsley,$4.89
rashers of unsmoked bacon,$4.29
packs smoked salmon,$7.99
pot cream cheese,$4.99
salad onions,$1.99
salt dips,$1.69
rasher lean back bacon,$3.79
dessert apple,$4.69
pack white bread and pizza base mix,$2.69
pack smoked lardon,$2.59
cardamom,$2.79
flour  plus extra for rolling,$23.99
fresh Caesar salad dressing,$4.99
sundried tomato,$3.59
quantity shortcrust pastry,$4.89
vegetarian mozzarella cheese,$2.29
1cm fresh ginger,$3.99
Caerphilly cheese,$3.79
tarragon or thyme leaves,$5.29
hazelnut oil oil,$10.59
x 400 gram bags washed and prepared leaf spinach  not baby ,$4.99
tomato pasta sauce,$0.95
tomato rice,$1.49
sunflower oil  sesame oil and caster sugar,$3.99
Thai fish sauce and rice wine vinegar,$2.59
1l chicken or vegetable stock,$2.59
forced pink rhubarb,$20.99
sweet sherry,$2.29
shortbread biscuits,$3.29
carton thick Devon custard,$55.99
baby turnip,$18.79
cider,$3.29
sachet coconut cream,$2.19
French bean,$0.55
fish sauce soy sauce,$2.99
fudge,$1.99
litre vanilla ice cream,$2.79
stem ginger in syrup  finely chopped,$4.29 / per lb
syrup ginger,$5.99
Olivio,$1.29
wholewheat muesli salt or sugar,$0.48
reduced fat Greek yogurt yogurt,$1.29
baby leaf spinach salad,$2.99
cod fillets,$10.99
salt flakes,$1.49
Guinness Extra stout,$6.99
chilli paste,$1.89
squeeze lime or lemon juice,$2.09
fresh or frozen petits pois,$0.99
Chilli lime butter,$5.29
black lentils,$0.99
Italian herbs,$1.29
blanched hazelnut,$1.99
liqueur,$12.50
whole salmon fillet,$7.49
clotted cream or ice cream,$1.79
egg salt,$16.99
bought hummus,$3.39
smoked salmon,$1.79
wholewheat spaghetti,$0.85
vines cherry tomatoes,$3.19
garlic garlic,$7.99
goose or duck fat  or enough to totally submerge the duck legs,$7.08
lemons  juice of 1,$2.09
eating apples  peeled  cored and diced  about 600g,$3.29
sugar cinnamon,$2.69
mild cheddar,$2.29
burger buns,$1.19
lettuce  cucumber  gherkin  tomato and red onion,$0.99
white meat,$1.89
mixed herbs such as parsley  dill  tarragon  chervil and chives,$0.45
oil oil,$7.89
block feta cheese,$3.69
lemon lemon juice,$2.09
bag of small shallots  trimmed and peeled,$1.99
3oz butter,$2.29
thyme leaves and 1 thyme sprig,$3.29
ox kidney,$0.59
1kg trimmed British top rump beef,$6.99 / per lb
flour seasoned with salt,$2.99
chestnut mushroom  wiped and sliced,$2.29
tub cream cheese,$2.99
blackcurrant conserve,$4.29
salad potato,$3.99
bag mixed watercress and spinach salad,$2.99
creamy blue cheese,$1.99
whole nutmeg,$0.85
1kg raisins,$2.19
soft fresh white breadcrumbs,$2.49
packet butter,$0.85
raw prawns,$6.99
Lollo Rosso lettuce,$3.29
dried chilli,$1.59
bought shortcrust pastry ,$4.89
shelled fresh broad bean,$0.99
honey ham,$1.99 / per lb
farmhouse Lancashire cheese,$542.70
dark chocolate curls,$12.99
cumin powder,$1.29
broad beans,$1.49
icing sugar raspberry lime drizzle,$4.29
tenderstem broccoli,$2.69
frozen soya bean,$0.89
sugarsnap peas,$2.79
baby fennel bulbs  or 1 small regular one   finely sliced on the diagonal,$2.79
Scotch bonnet chilli,$2.59
pinto bean  rinsed and drained,$2.99
breasts of lamb,$23.99
cheap white wine,$24.99
boiled new potatoes and watercress salad,$0.99
boneless lamb,$6.99
pointed cabbages,$39.99
curly parsley leave,$11.99
tub tomato,$1.89
cumin and dried thyme,$3.29
x 400 gram can chopped tomatoes,$0.79
x,$399.99
round grain risotto rice,$2.99
splash apple juice,$1.89
luxury,$17.49 - $26.99
flour flour,$7.79
dark chocolate cocoa solids if you can   broken into pieces,$4.79
serve with extra dill and rocket leaves,$19.99
split burger buns,$2.39
lettuce tomato sauce,$1.99
broad bean,$0.99
x watercress,$11.19
Little caviar jackets,$69.99
Sticky squash with sesame seeds,$3.19
lean lamb neck fillet,$29.99
juice of 2 large limes,$2.09
salad of red onion rings  halved cherry tomatoes and crisp lettuce,$3.19
mint chutney,$10.79
yellow onions,$2.29
shredless marmalade,$2.99
fine rice noodle,$4.49
firm tofu,$1.59
tikka masala paste,$3.59
coriander and lime wedges,$32.99
dark chocolate chocolate,$4.79
mixed basmati rice and wild rice,$1.49
shoulder of lamb,$40.00
pomegranates,$3.99
nugget of root ginger,$4.99
few rosemary needles,$17.99
coriander and parsley,$1.99
paella rice,$5.59
walnut bread,$2.99
walnut or olive oil,$6.99
fromage frais,$14.99
balsamic vinegar vinegar,$2.69
muesli,$0.48
bag watercress  spinach and rocket salad mix,$1.49
tub guacamole  or make your own ,$6.39
yogurt tub,$3.99
white chocolate Maltesers,$2.99
Creole seasoning,$2.69
trout fillets,$4.19
x 410 gram cans mixed beans,$2.49
green Thai chilli,$2.99
water chestnuts,$0.95
cooked new potatoes,$0.99
pot fresh cheese sauce,$0.95
cooked spaghetti or other pasta,$1.99
Cream tea bites,$3.99
Mini choc ice balls,$5.29
Lemon fancies,$15.00
each turmeric  garam masala and cumin seeds,$5.79
avocado cream,$10.99
eggs and 2 yolks  beaten,$14.49
basil and parsley,$2.29
lean rump steak  trimmed of fat  thinly sliced  then very finely chopped,$4.29 / per lb
wide sheets,$20.00 - $40.00
basil leaves and green salad leaves,$3.49
vegetable stock stock cube,$0.79
lobsters,$15.00
penne or other short pasta shape,$1.29
fresh peas,$0.99
pack 14oz sausages,$2.99
Basic sticky onions,$0.69
thyme  leaves picked,$3.29
sweet chilli sauce lime wedges  shredded spring onion and red chilli  to serve,$1.29
seeds vanilla vanilla,$9.49
dark rum  brandy or orange juice,$3.59
shallot onions,$0.99
rosemary and thyme sprigs,$0.85
parsley and basil,$1.29
chocolate caramel bars,$2.99
approx chicken thigh,$1.39
lamb shanks,$18.99 - $52.98
eating apples,$2.99
punnet raspberries or blackberries,$9.99
mixed seeds,$5.69
snipped chives,$5.19
chilli dipping sauce,$3.99
grated cucumber,$1.99
bought toffee sauce,$2.69
drizzle with toffee sauce,$4.19
oranges fruits,$5.29
pork shoulder joint,$8.59
olive,$1.29
gorgonzola cheese,$2.29
bag prepared young leaf spinach,$1.59
ginger cinnamon,$3.99
goose fat oil,$3.59
goose,$9.00
goose neck,$34.99
pumpkin flesh,$15.69
lolly sticks or coffee stirrers,$4.49
sweets,$2.99
red and white tubes of writing icing,$1.99
1kg raw  unpeeled beetroot,$7.29
cider or red wine vinegar,$2.59
cooked chestnuts,$0.95
pork steaks,$3.99 / per lb
1kg braising steak,$11.99 / per lb
pack baby button mushroom,$2.19
lamb lamb,$14.49
dried fruit and nuts,$5.29
chicken stock or lamb stock,$1.89
edible green and pink food colourings,$3.19
crystallised violets,$8.99
crystallised roses or rose petals,$10.99
edible wafer flowers,$5.49
frozen pea and bean mix,$2.29
freshly blackberry,$2.79
pork and chilli sausages,$2.49
sustainable tuna albacore tuna   drained and flaked,$1.29
black olives in olive oil,$1.59
leftover lamb,$21.49
leftover gravy lamb stock,$0.85
fillet,$6.99
can lentil in water  drained,$1.49
juice and finely grated zest 1 lemon,$1.99
maple syrup and chopped chives,$5.19
pack dill  half finely chopped,$2.79
salmon cheese,$7.49
sourdough loaf,$2.99
sweetened condensed milk,$1.99
dessicated coconut,$3.19
pink edible food colouring,$2.99
pork chops,$4.29 / per lb
soy sauce  brown sugar  honey,$1.39
dry sherry  or Shaohsing rice wine,$2.29
chunky slices bread from,$1.99
fine green bean,$0.89
fig jam,$3.59
pork belly  scored and boned  ask to keep the bones to make stock for the gravy ,$12.14
can baked beans in tomato sauce,$1.99
marrow,$3.99
raita,$21.99
coconut oil oil,$7.79
red Indian chillies,$29.99
pack cubetti di pancetta,$3.29
nice Baby Gem lettuce leaves,$2.49
cayenne pepper and lemon wedges,$2.39
blade mace,$19.99
1kg cauliflower  broken into large florets,$2.79
white Malteser,$3.69
cake crumbs,$1.99
edible glitter,$3.99
tomatoes or cherry tomatoes,$3.19
generous pinch ground cardamom,$2.79
pinto bean,$0.59
bar dark chilli chocolate,$2.99
sunflower oil or vegetable  plus extra for frying,$5.99
Mexican salsa tomato,$3.99
mini paper cases,$39.99
empty egg boxes,$9.89
pheasant breasts,$23.49
egg beaten with a little milk,$1.49
nut,$14.99
bag baby new potato,$3.99
splash white wine vinegar,$1.99
lamb shanks lamb,$14.49 - $41.49
merguez sausages,$4.69
harissa  to serve  see recipe below ,$6.79
whipped cream and shortbread,$4.49
unwaxed organic lemons  halved  plus a strip of peel,$4.39
citric acid powder,$3.49
packs pork spare ribs,$3.99 / per lb
Appleton rum,$2.39
buns,$1.19
few different food colourings,$10.69
icing and decorations,$1.99
thyme sprigs  leaves picked,$0.85
sea bass fillets,$7.49
fenugreek,$14.99
chicken chicken jointed,$5.49
pack gravadlax  torn into pieces  or smoked salmon trimmings,$6.99
each caraway and cumin seed,$1.77
each parsley and dill,$4.99
ghee oil,$9.99
each turmeric  garam masala and ground cumin,$4.59
chapatis and rice,$0.99
dripping,$10.89
stewing lamb,$12.14
lamb kidneys,$10.79
buns  salsa  onion and salad leaves,$2.29
multiseed bagels,$2.69
bag pink and white marshmallow  snipped into quarters,$4.99
hot peppadew peppers,$4.19
sugar snap pea,$0.89
liquid pectin,$4.29
juice of 1 medium lemon,$4.59
beef skirt  excess fat trimmed  cut into small chunks,$7.99 / per lb
extra virgin rapeseed oil,$4.59
elderflower cordial or water,$1.99
1kg plums,$1.89
jars,$10.99
1kg black grape,$23.49
pared zest and juice 1 lemon,$4.59
juice of 1 small orange,$3.99
unsalted pistachio,$14.99
red edible glitter and gold spray to decorate  optional ,$12.49
ground cinnamon  freshly ground if possible,$6.19
raw chicken breast per portion,$2.99 / per lb
toasted flaked almonds coriander bread,$1.99
sweet stout,$18.19
Greek yoghurt,$1.29
bag frozen mixed berries,$9.99
melba toast or toasted soda bread,$2.19
organic salmon fillet,$4.99
pumpernickel sauce,$2.99
Dijon mustard  cider vinegar oil,$0.99
coconut oil,$13.89
lamb shoulder joint,$16.99
pomegranate seeds pomegranate,$3.99
natural smoked haddock,$7.99
peach preserve jam,$2.59
kg veal bones,$4.29 / per lb
frozen fine green bean,$1.99
frozen coley  or other white fish,$13.89
spoonfuls Greek yogurt,$1.69
bread dough,$0.99
English Brie,$18.89
pickle,$3.89
shaoxing rice wine,$3.19
Provamel Yofu soya yogurt,$0.59
pecan pieces,$4.89
Provamel Soya Dream soya cream,$1.79
BBQ sauce,$1.89
cinnamon or other spices,$3.29
raisins  dried cranberries or any dried fruit,$2.19
nuts,$14.99
ginger and garlic,$2.59
coriander leaves onions,$2.79
red chilli  finely sliced  optional ,$3.39
butter or cheese,$1.99
stewing steak,$13.99 / per lb
2l veg or ham stock,$2.39
digestive biscuits  about 10 ,$16.99
chocolate chips,$1.69
lavash bread bread,$2.69
cherry plum tomato,$3.19
red chilli  seeds removed  finely chopped,$2.79
red chilli  seeds removed  thinly sliced,$0.65
cooking oil spray,$1.89
buckwheat flour,$3.19
xanthan gum,$9.99
milky coffee,$5.99
Rice Krispies,$3.89
pot soured cream,$0.99
quite ripe avocados  halved  peeled  stoned and diced,$1.89
pork ribs,$3.99 / per lb
pork stock cubes,$2.19
cherry juice,$5.99
cherry soya yogurt,$0.59
frozen cherry,$9.99
baby caper in brine  drained and rinsed,$14.92
smoked trout,$4.19
sourdough starter,$12.39
suet,$31.99
orange orange juice,$1.79
orange food colouring  optional ,$3.19
orange chocolate,$2.99
x plum tomatoes,$1.89
fish or vegetable stock cube,$2.39
bag mixed seafood,$9.99
tandoori masala powder,$5.99
poppadums,
Madras curry powder,$3.99
vegetable stock  or pea stock  to make your own,$15.99
podded fresh pea,$0.99
slim spring onions,$5.99
dressed salad leaves,$3.69
podded fresh broad bean,$1.59
oregano leaves,$2.59
passion fruits  seeds and pulp removed,$9.99
salted popcorn,$2.49
stale bread,$3.19
malted milk powder,$4.29
gelatine leaf,$2.29
mozzarella cheese  torn into small chunks,$4.39
seeds vanilla pod,$3.49
thyme  half shredded  half left as sprigs,$16.99
jars duck,$11.99
dessert,$1.99
balloons,$1.49
strip of zest and juice orange,$5.69
prosecco,$22.49
shortbread biscuit,$3.29
x peppers,$20.49
apple sauce apple,$0.99
mixed seed pumpkin,$2.99
rosemary focaccia loaf  chopped into large chunks,$5.99
bacon lardons  smoked or unsmoked  or streaky rashers  snipped,$3.79
vanilla bean paste,$10.59
sea salt crystals,$2.29
light mascarpone,$4.49
stuffing mix,$1.99
rye flour,$3.89
food colouring,$2.99
icing writing pens,$1.99
milk chocolate digestive biscuits,$3.29
herb oil,$4.99
rough sea salt,$3.49
rosewater  depending on your taste ,$14.39
juice and zest 1 lime,$49.99
vanilla vodka,$4.29
peach schnapps,$4.49
peach juice,$2.49
soda,$4.99
frozen skinny French fries,$3.19
caraway or fennel seeds,$2.79
white or green cabbage,$1.79
five spice powder,$1.79
rose petals,$10.29
vanilla or coconut ice cream,$4.59
olive oil butter,$2.59
grated nutmeg  to taste  optional ,$2.09
West Indian hot pepper sauce,$2.99
pitted black kalamata olive,$1.89
pasta and a salad  or mash and green veg  to serve  optional ,$4.99
romaine lettuce,$2.69
tub prawn cocktail,$9.39
blood orange juice,$5.19
salted almonds and olives,$5.99
baby leaves,$15.99
seeds pomegranate,$3.99
glucose syrup,$12.49
dry mustard powder,$3.99
panko crumbs,$1.99
celery heart,$2.29
Granny Smith  peeled  cored and finely sliced,$3.29
fries,$2.19
2kg sweet potato,$2.69
coconut milk yogurt,$1.69
flaxseed,$3.19
mango chunks,$2.29
green peppercorns,$1.99
duck eggs,$18.95
whole rabbit  cut into 6 pieces  get your butcher to do this ,$26.99
light ale,$5.99
podded and peeled fresh broad bean,$1.59
sea trout or salmon fillets,$7.49
57g tub potted shrimp,$15.99
pork shoulder steak,$2.79 / per lb
salad with radish  cherry tomatoes or celery,$2.59
ham hock,$1.99 / per lb
celery sticks celery leaves,$2.99
unsalted cashew,$5.99
black tea,$1.99
juice of 2 oranges,$79.99
undyed haddock,$7.99
fat duck,$52.99
1kg Maris Piper potato,$11.29
skinless smoked haddock fillet,$10.99
burger buns tomato and red onion,$0.69
pot thick Greek yogurt,$1.19
green popping candy,$3.99
jar sundried tomato pesto,$2.09
jar hot salsa,$3.49
wholemeal pitta bread,$1.09
watercress  spinach and rocket salad mix,$5.99
bourbon biscuits,$0.89
can boneless sardine in olive oil,$2.59
green pitted olives,$2.79
orange liqueur,$7.99
large cooked beetroot,$0.85
asparagus spear  stalks chopped  woody ends discarded,$14.99
ciabatta loaf  sliced in half lengthways,$3.69
green olive,$1.29
Baby Gem lettuces  leaves torn,$3.99
pack lemon sole goujons,$5.99
pinhead oatmeal,$5.29
celery heart  stalks removed  thinly sliced,$2.29
white balsamic or white wine vinegar,$1.99
veal escalopes,$24.99
green salad potatoes bread,$2.99
lamb loin chops,$4.29 / per lb
black bean  from a can   drained and rinsed well,$0.59
lime wedges cream tortillas,$2.39
dried lasagne sheets,$2.99
red leicester,$12.79
vine tomatoes  sliced lengthways,$3.19
mozzarella  olives  pepperoni  anchovies  basil  ham  rocket  sweetcorn  mushrooms  peppers,$0.99
French bread,$3.99
sesame or olive oil,$8.39
whole raw beetroot,$14.99
beetroot juice,$5.99
pot barley,$0.99
plain yogurt,$2.59
nasi goreng paste,$10.99
pouch cooked basmati rice rice,$1.49
veal shoulder,$30.49
pack diced mutton or lamb shoulder,$1.49 / per lb
2kg large potato,$2.79
green beans and wilted spinach with nutmeg,$1.49
light coconut milk,$1.89
brined green peppercorn,$1.99
carrots and broccoli,$1.29
large egg  at room temperature  separated,$14.99 - $29.99
semolina almonds,$3.39
leaves,$16.99
spring green,$4.99
coriander leaves  rice and yogurt,$1.49
granola,$3.69
cream or ice cream,$4.89
green garlic,$2.69
potato artichokes asparagus,$2.09
tiny raw broad bean  young radishes,$0.89
or pepper  wedges or raw fennel or celery,$2.99
allow vegetables,$0.79
focaccia loaf,$3.69
sugar snap pea  finely sliced lengthways,$3.89
pot of cress  picked,$12.15
ancho chillies,$3.19
limes and juice of 1,$2.09
green apples,$3.29
light olive oil,$10.39
dry white wine  such as Sauvignon Blanc,
watercress  cucumber  herbs and lemon wedges,$11.19
red paste food colouring,$3.19
white wine or cider vinegar,$1.69
cherry vine tomato,$3.19
baby spinach  washed and thoroughly dried,$2.59
450 millilitre cream,$1.29
whole peppercorn,$2.49
galangal or ginger  peeled and sliced,$0.99
kaffir lime peel,$1.99
coriander stalks,$1.55
shrimp paste,$3.99
baby aubergine,$12.79
Hob Nobs,$7.99
sumac,$13.99
natural yogurt saffron,$2.59
x duck,$12.99
hot dog rolls,$2.39
caster sugar sugar,$2.19
edible food colouring,$3.19
tubs cream cheese,$2.99
crusty white rolls,$2.99
raspberry conserve or jam,$3.59
small glass of white wine,$24.99
firm peach  about 8   peeled and cut into small dice,$2.39
mushrooms mushrooms,$1.49
chunk fresh ginger,$3.99
pancakes,$2.99
mint and parsley,$1.29
lean steak,$4.99 / per lb
rotis,$16.79
chickpea flour flour,$9.99
vermicelli rice noodle noodles,$2.99
x 20cm round rice paper wrappers,$0.85
nigella seeds,$14.99
pearled spelt,$0.99
pea pods,$2.79
gooseberries,$7.99
rice and Indian breads,$4.59
elderflowers,$4.99
unsalted peanut  toasted and cooled,$2.19
X 397g cans Carnation caramel,$29.99
soft dairy toffee,$24.99
soya beans,$0.99
cinnamon cinnamon,$3.99
Sichuan peppercorn,$1.99
courgettes  halved lengthways and cut into chunks  on the diagonal,$0.55
wholemeal bread  broken into chunky breadcrumbs,$0.99
soft  floury subs or hot dog rolls,$2.89
light salad cream,$3.99
preserved lemon,$35.96
banana shallot,$1.49
salad dressing  to serve,$1.99
sesame seed oil,$3.99
vanilla cream,$9.99
crunchy butter biscuit,$2.99
ginger nuts,$5.39
sachet fajita seasoning,$1.39
grated pecorino or Parmesan,$1.99
ciabatta roll,$2.99
stoned,$20.99
fig,$2.99
cream cream,$1.99
dried pasta,$0.85
can tuna in sunflower oil oil,$2.59
soured cream cheese,$2.29
cauliflower  cut into large florets,$2.69
wholemeal roll  whizzed to breadcrumbs,$2.49
fresh white bread  whizzed to breadcrumbs,$0.99
1kg sweet potato,$1.19
wholemeal rolls,$3.19
block tofu,$22.99
spring onion  shredded lengthways,$1.99
beef steak,$13.99 / per lb
jasmine rice rice,$2.88
crispy onion,$1.39
gammon,$5.99
cress,$10.99
fish pie mix,$3.99
pot cheese sauce,$1.99
balsamic or sherry vinegar,$3.49
marrow flesh  coarsely grated and squeezed of any liquid,$2.39 - $6.79
ripe tomato,$1.09
1kg Desiree potato,$3.19
black Kalamata olive  stoned and quartered,$3.59
semolina  for rolling,$12.99
salad and pickled Turkish chillies,$1.29
Mediterranean cucumber,$4.99
tub pomegranate seeds,$5.99
blackberry blackberries,$2.99
black kalamata olive in brine  drained,$2.59
Lancashire cheese,$1.99
extra virgin olive oil,$3.99
caramel buttons,$379.99 - $537.99
soft toffee,$6.99
croissants,$5.99
very finely grated zest 1 lemon,$3.19
yellow food colouring paste,$3.19
very finely grated zest 1 orange,$1.29
orange food colouring paste,$3.19
green food colouring paste,$3.19
blue food colouring paste,$3.19
purple food colouring paste,$3.49
pink food colouring paste,$3.49
disposable piping bags,$7.99
paintbrush,$2.99
juice oranges,$3.19
dry white vermouth,$2.29
juniper berries Finely chopped,$4.99
frozen pea  cooked,$4.29
sundried tomato pesto,$2.09
baby plum tomato,$1.89
sandwich baguette,$1.29
edamame beans,$2.29
favourite fruit pineapple,$2.57
nori,$3.99
preserved lemons  rind chopped  discard the pulp and seeds ,$3.49
wholewheat couscous,$7.29
sweetcorn cobs,$0.99
frozen baby broad bean,$4.79
Japanese panko breadcrumbs,$2.49
gel food colouring,$3.19
drizzle sweet chilli sauce,$2.29
apple sauce apples,$0.99
approx 800 gram chopped pumpkin flesh,$10.69
salt and sugar,$2.49
x 400 gram cans mixed bean salad,$2.49
chipotle sauce,$1.49
Little Gem lettuce heart,$2.69
mayonnaise and ketchup,$3.99
red onion  cut into wedges through the root,$0.99
pickled ginger,$3.39
instant polenta,$2.99
smoked cheese,$6.29
crusty white bread,$3.69
pepperoni,$2.39
oregano leaves oregano,$1.29
Portobello mushroom,$1.49
x 185 gram cans tuna in sunflower oil,$1.39
hazelnut chocolate spread,$3.49
dark rum juice,$10.99
custard or ice cream,$4.59
saffron strands  optional ,$14.99
quinces,$9.99
walnut half,$84.99
crisp pears,$2.09
red chicory or radicchio,$0.59
bresaola,$30.00
pack Lincolnshire sausage,$3.99
large pasta shells,$1.39
mature Lancashire cheese,$7.39
pickled cabbage beets,$1.39
diced butter,$1.79
wood pigeons,$11.59
small glass of red wine,$24.99
cooked beetroots  not in vinegar ,$1.69
rapeseed  vegetable or sunflower oil,$5.99
butternut squash or pumpkin flesh,$2.69
biscuits and Greek yogurt,$3.29
pack cooked beetroot  not in vinegar ,$46.99
remaining caramel,$1.99
1kg butternut squash chunks,$2.79
tomato soup,$0.99
extra toasted pitta bread,$2.99
candy floss,$20.49
plastic spiders,$81.99
x salmon,$17.00
small pack baby salad leaves,$1.59
fresh red chilli,$5.99
raw peeled prawn  chopped,$6.99
orzo pasta,$1.29
shredded ham,$1.99 / per lb
black bean sauce,$0.99
2l cherry juice,$1.79
packs lime jelly,$3.59
selection of animal and bug sweets,$13.19
x 154g packs Oreo biscuits,$4.89
popping corn,$2.49
white onion,$1.99
red and yellow pepper,$3.99
1kg courgette,$13.49
1kg aubergine,$601.19 - $715.19
light feta cheese,$4.29
sliced spring onion,$0.99
sliced cucumber,$0.59
small peppers of any colour,$10.99
lighter mature cheddar,$1.69
pack cooked and peeled whole chestnut,$2.39
bag salad leaf,$2.49
mashed root veg,$3.19
sausagemeat sausages,$0.59
small eating apple,$7.99
red,$5.60 - $8.00
grated parmesan and green salad,$1.99
hot curry powder,$2.89
basmati rice coriander,$5.99
Thai tom yum curry,$2.49
pack cooked egg or rice noodle,$4.49
crisp taco shells cream,$1.49
blackberry conserve,$3.49
large raw prawn,$6.99
pastry,$2.00
Swiss chard,$2.59
pouch cooked puy lentils,$1.99
chard,$2.59
pots brown and white crabmeat,$9.69
x 500 gram packs trimmed leek,$2.79
cod fillet,$10.99
cinnamon bark,$7.99
balsamic vinegar black pepper,$3.79
egg yolks,$4.19
smalls stem ginger  finely chopped  plus 1 tablespoon syrup,$1.89
piping nozzle,$11.99
squash  peeled  you may need to use the ends of 2 squashes ,$2.79
pack shallot,$2.69
blue wensleydale cheese,$0.99
braising steaks,$10.99 / per lb
granulated white sugar,$1.89
agave syrup or honey,$7.99
wholemeal pasta shapes,$3.19
ras el hanout,$27.99
shredded curly kale,$3.19
Cajun seasoning mix,$1.79
soft mixed herb,$0.85
lean beef,$4.99
Tenderstem broccoli spears,$1.99
Chinese rice wine vinegar or white wine vinegar,$1.69
hot chilli sauce,$2.79
orange and 1 lemon,$4.99
apple apple,$10.99
beef suet,$1.49
herby sausages,$26.99
dark brown muscovado sugar,$2.19
eggs  this will be 150ml ,$10.78
red onion marmalade,$2.99
edible green glitter,$3.99
x salted butter,$5.29
box After Eights  broken,$24.99
turquoise food colouring,$13.99
peppermint extract,$21.99
clementines orange,$4.99
Cointreau orange liqueur,$3.29
stem ginger cream,$4.99
lemon juice lemon,$2.09
plum jam,$3.59
edible gold powder,$2.49
cooked beetroot  not in vinegar ,$1.69
chocolate chip,$1.69
cookie cutters or cardboard to make templates,$14.00
plastic straws,$0.99
icing and sprinkles,$1.99
Cointreau liqueur,$4.99
orange flower water,$15.99
3cm wide ribbon,$3.99
silver balls,$11.49
olive oil  plus a drizzle for toasting the nuts,$3.99
leaf,$9.99
manchego,
quince jelly,$2.59
sourdough toast,$3.69
cornichons or sliced gherkins,$1.49
dressed bitter leaves,$26.49
bay leaves and chopped thyme,$0.99
dry vermouth,$2.29
olive or lemon peel,$15.99
tequila,$9.99
lime juice lime,$2.09
triple sec,$99.99
salt lime,$3.99
duck breast,$17.99
sugar syrup granulated sugar,$1.89
Scotch whisky,$11.99
soda water,$0.99
maraschino cherry  optional ,$1.89
white rum,$2.39
almond syrup almond syrup,$3.99
juice of half a lime,$2.09
maraschino cherry,$1.89
lemonade,$1.99
mint cucumber,$2.99
seeds vanilla,$1.89
edible lustre spray,$21.99
icing roses,$25.49
rose,$6.99
mini sugar butterfly,$14.29
pink cake board,$34.99
chewing gum,$6.39
sugar blossoms,$9.99
coloured cake board,$9.99
wooden skewer,$1.99
coloured sandwich flags,$3.49
chocolate chocolate footballs,$2.99
little food colouring paste  choose team colours,$2.99
novelty candles,$8.39
crustless white bread,$3.19
mini Toblerones,$34.99
malt chocolate balls,$0.99
chocolate caramels,$3.99
mini chocolate fingers,$3.29
chocolate skull,$4.79
blue food colouring,$3.19
30cm square cake board,$5.00
black,$39.99
drinking straws,$0.99
sandwich flags,$2.99
royal icing,$4.29
liquorice Catherine wheels,$12.59
iced party ring biscuits,$2.99 - $12.29
chocolate coated biscuit sticks,$5.99 - $62.99
dolly mixture sweets,$9.99
Lego firemen,$9.99
1kg parsnip,$11.49
2kg mixed root vegetable potatoes,$1.29
butter olive oil,$2.59
black liquorice,$2.99
salted pecan,$5.99
coffee liqueur,$4.99
chocolate mini rolls,$2.99
ginger biscuit,$5.39
icing sugar and cream,$4.29
Malibu,$24.99
orange water,$2.19
vanilla bean paste or extract,$10.59
raspberry jelly,$3.49
milk chocolate biscuits,$3.29
Cointreau or other Christmassy booze,$12.99
rose harissa,$5.99
lemon sorbet,$3.99
merguez sausage,$3.19
grapes,$4.99
mini chorizo sausages,$4.69
Tapenade toast,$2.89
lemon juice and a little zest,$4.99
banana shallot shallots,$0.29
leftover stuffing,$2.99
sage  leaves picked,$10.89
pack filo pastry sheets  6 sheets ,$4.89
leaf salad and raita,$1.49
Moroccan spice mix or ras el hanout,$0.85
tub fresh cheese sauce,$4.99
polenta or cornmeal,$2.99
minute steaks,$1.39
lean turkey mince,$3.99
brown mushroom,$4.99
pasta basil leaves,$1.19
skinless firm white fish fillets,$6.99
salad and flatbreads,$3.49
lean lamb cutlets,$11.99
spicy chorizo sausages  cut into small pieces  see tip  below ,$4.89
pasta egg,$1.99
mixed peas and podded broad bean  frozen is fine ,$2.29
dark soft brown sugar,$1.79
porridge oat  not jumbo ,$4.19
peanut brittle bar,$11.99
chicken leg or thigh pieces,$3.99 / per lb
lamb shoulder,$2.79 / per lb
rice  chutneys and pickle,$1.49
mature Double Gloucester or other hard cheese,$3.49
Carnation caramel,$2.69
tangy eating apple  peeled  half chopped  half thinly sliced,$1.19
pecan  half finely chopped  half roughly broken,$5.99
pomegranate juice juice juice,$2.79
orange and green food colouring,$3.19
coconut milk rice,$1.09
sliced bamboo shoot,$0.65
raw shelled prawn,$6.99
lime wedges and sliced green chillies,$1.29
Japanese vinegar,$1.99
fondant icing sugar,$4.29
large cookies,$4.49
mini chocolate beans,$10.99
pretzel,$2.99
tube black writing icing,$1.99
walnut whips,$3.99
red fruit pastilles,$0.89
orange fruit pastille,$0.99
black writing icing,$1.99
dark chocolate chip,$2.99
strawberry laces,$1.69
Pontefract cakes,$3.49
round black Liquorice Allsorts,$2.99
orange Tic Tacs,$1.99
mini white marshmallows,$1.29
mini candy canes,$29.95
lolly,$4.49
chocolate cake,$1.29
pretzels,$2.99
jelly sweets  red chocolate beans,$3.99
packet of flaked almond,$5.99
126g packet of giant white chocolate button,$4.79
gold edible glitter,$2.49
fine string  for hanging the biscuits,$14.49
rice pops,$3.29
icing holly leaves,$1.49
rosemary springs or bay leaves,$3.19
dried fig  hard stalks removed  thinly sliced,$1.49
mixed nuts  almonds  walnuts  Brazils  hazelnuts ,$7.29
golden linseed,$2.89
orange apple,$14.99
turkey rashers,$3.99
wholegrain bread,$2.99
hemp protein powder,$12.99
chia seeds,$1.69
watercress spinach,$4.99
oil and white wine vinegar  or lemon wedges,$1.69
frozen grilled vegetable mix  peppers  aubergine  onion  courgettes ,$0.89
ricotta bread,$3.69
basil oregano,$5.99
x 120 gram cans sardines in olive oil  drained  oil reserved  optional ,$2.79
frozen butternut squash chunks,$3.59
small banana  diced,$0.85
Chinese leaves,$16.99
whole cherry tomato,$3.19
buckwheat noodle,$3.99
shredded white cabbage,$1.99
dried green lentil,$0.55
carton tomato passata,$0.24
broccoli and potatoes,$3.19
pack skinless sustainable fish fillets,$2.49
pork leg roasting joint,$11.99
Savoy cabbage and peas,$1.79
frozen leaf spinach,$0.99
black Kalamata olive  chopped,$3.59
green vegetables,$2.79
juice 6 clementines,$2.99
blueberries raspberries,$3.19
passion fruit  orange or lemon curd,$2.99
passion fruit juice,$3.49
broken walnut halves,$5.99
sirloin beef steaks,$9.49 / per lb
papayas,$3.99
pack coriander  leaves picked,$3.19
pack mint  leaves picked,$1.99
apricot in fruit juice,$4.59
persimmons,$19.99 - $41.99
bar of dark chocolate,$2.99
celery celery leaves,$2.29
beef fillet,$13.99 / per lb
lamb meatballs,$9.99
baby mixed vegetables  such as baby corn peas,$1.99
x 400 gram cans chopped tomatoes or cherry tomatoes,$0.79
226g jar mild salsa,$2.79
tortilla chip,$3.99
brown rice and salad,$3.19
pasta potato bread,$2.99
small cooked beetroot  not in vinegar   cut into wedges,$46.99
corn oil oil,$9.99
black cardamom pod,$1.99
bread basmati rice,$3.49
egg yolks egg,$5.49
lettuce rice,$2.69
Korean chilli paste,$3.99
Korean soy bean paste,$4.29
gold leaf,$22.99
x 7g sachets dry active yeast,$8.39
lemon extract,$1.59
20 fish fingers,$15.29
mini flour tortillas,$2.19
grated mozzarella,$3.69
pack pink wafer biscuits,$4.99
pistachio ice cream,$4.89
shelled pistachio  finely chopped,$6.99
fruitcake Christmas pudding,$1.29
edible gold lustre,$2.49
jar cocktail or maraschino cherries,$1.89
cherry compote or jam,$3.59
pack chocolate chip cookie dough,$4.59
can mandarin in juice,$2.49
tomato oil,$3.59
raw green lentils,$0.55
spring onions  shredded lengthways,$4.99
dark chocolate  use a bar broken into pieces  or chips,$2.99
yellow and orange artificial food colouring pastes  see tip  below ,$3.19
beef cheeks,$9.49 / per lb
dark ale,$1.99
choose from the following fillings  cucumber strips  smoked salmon  white crabmeat  canned tuna  red pepper  avocado  spring onion,
flour tortilla,$2.39
cooked and peeled prawn,$8.29
agave nectar or golden caster sugar,$5.39
custard vanilla yogurt,$1.29
purple sprouting broccoli,$1.99
x bags baby spinach,$4.99
pumpkin winter squash or butternut squash,$2.79
x 100 gram bags baby spinach leaves,$2.49
medium  ripe avocados  halved  stoned  peeled and roughly chopped,$4.99
red kidney bean,$0.59
tomatoes  seeds removed  finely chopped,$3.19
fresh wholemeal breadcrumb,$1.59
clear honey or agave syrup,$5.79
dark chocolate shavings,$4.79
red chilli  shredded  optional ,$1.29
Desiree potato,$0.99
frozen butter,$1.99
ground pepper,$3.79
dried apricots,$2.59
rolling pin,$20.49
metal piping nozzle,$7.99
pastry brush,$6.99
several Little Gem lettuce leaves,$2.49
some chopped spring onion,$0.85
slice wholegrain seeded bread or rye  or wholegrain pitta  to serve,$3.79
spoonfuls hummus,$4.49
slice wholemeal seeded bread or rye  or wholegrain pitta  to serve,$3.79
pink sprinkles,$1.99
pomelo  grapefruit or lime juice,$2.09
pomelo grapefruit,$3.29
fragrant rice and steamed greens vegetables,$1.99
slim carrot,$2.69
potatoes and watercress,$0.99
gingernut biscuit,$0.89
limes juice,$0.99
pistachio or other nuts,$4.99
red Romano peppers,$2.69
Middle Eastern flatbreads,$2.99
sausagemeat,
ketchup and green salad,$3.49
fajita spice mix,$0.79
Little Gem lettuce and Tabasco sauce,$6.29
rice broccoli,$0.99
liquid chicken stock,$1.89
Thai basil leaves basil leaves,$3.99
toasted unsalted cashew,$14.99
chilli bean sauce,$2.59
celery sticks and good crusty bread,$3.69
beef shin,$0.99
Guinness or other stout,$11.89
polenta flour,$2.99
chicken stock stock,$2.39
pack raw  peeled king prawn,$6.99
butternut squash seeds removed  chopped into small pieces,$2.79
leftover chicken carcass  or 4 skinless chicken thighs,$3.99 / per lb
rose water,$10.29
really butter,$2.59
thyme or rosemary,$0.85
violet and pink food colourings,$3.49
crystallised roses and violets,$22.49
lean bacon joint,$14.99
bag rocket or baby leaf salad,$140.99 - $194.27
bananas and 1 very overripe banana,$1.39
dark brown soft sugar,$2.19
garlic powder,$2.19
rashers unsmoked streaky bacon,$3.99
397g can caramel  reserving 2 tablespoon for the chocolate layer,$2.99
ripe banana  thinly sliced,$3.29
jerk seasoning cinnamon,$3.99
black beans  drained and rinsed well,$0.85
pot of natural yogurt and shredded lettuce  to serve  optional ,$1.79
medium bananas  firm to ripe  peeled and cut into 1cm cubes,$1.19
whole rainbow trout,$12.14
coriander sprigs,$2.79
bag raw prawn,$6.99
beef short ribs,$10.99 / per lb
Chinese black rice wine vinegar,$3.69
Thai red chilli,$3.99
brown sugar or honey  sliced bananas  grated apple,$1.49
beef meatballs,$9.49 / per lb
mushroom soup,$1.49
potato cabbage,$1.79
mango chutney  natural yogurt and naan bread,$2.99
225 chorizo ring,$19.99
tomato olives,$3.59
can pilchard in tomato sauce,$1.89
pack dried black olive with herbs,$3.59
udon noodle,$1.19
chickens,$4.29 / per lb
rhubarb stems,$3.99
paccheri pasta,$2.49
fusilli lunghi or another long  thin pasta shape,$0.85
king prawn  deveined,$6.49
scallop,$17.99
mussel  shells cleaned,$4.99
saffron hot water,$12.99
butternut squash seeds discarded  flesh chopped into small cubes,$2.79
fontina,$3.19
strozzapreti,
anchovy oil,$1.89
mango juice,$3.49
dry sherry  or white wine,$2.29
pineapple in juice,$1.09
round wholemeal pitta breads,$1.09
frozen broad bean,$2.09
white bean  rinsed and drained,$0.89
white or brown miso paste,$0.79
garlic granules,$5.79
fine breadcrumb,$0.99
wholewheat noodle,$1.79
jar passata,$10.99
wilted greens,$1.79
1kg King Edward potato,$14.29
light condensed milk,$1.99
frozen blackberry,$12.99
crystallised orange peel,$2.49
quail eggs,$10.99
cannellini beans  drained and rinsed,$0.99
panko breadcrumbs,$2.49
peas and broad bean,$0.89
whole milk,$1.49
malted grain bread flour,$3.89
fresh ginger  peeled and roughly chopped,$3.99
balti paste,$10.89
kalonji,$189.99
rabbit,$7.99
cooked beetroot  not in vinegar   or homegrown,$2.99
polenta cornmeal,$1.69
polenta  cornmeal or polenta flour,$2.99
buttermilk yogurt,$3.99
oranges orange,$2.19
shredded coconut,$1.69
orange icing,$1.39
brown or barbecue sauce,$1.89
few good squeezes of lemon or lime juice,$0.99
vegetable or olive oil,$7.89
yogurt and naan bread,$2.99
mixed shelled nut  roughly chopped  any mixture of almonds  hazelnuts  walnuts  pecans and pistachios ,$14.99
vegetable stock made,$2.59
pack parsley,$3.99
oven chips,$3.29
artichoke antipasto oil,$7.49
mirin or clear honey,$3.19
beef frying steak,$8.99 / per lb
Chantenay carrot,$0.99
green apple,$3.29
pack radish,$2.59
1l lamb or beef stock,$2.89
2kg new potato,$0.99
pack giant couscous,$1.69
packs feta cheese  crumbled into chunky pieces,$3.99
shredded wheat,$2.99
cocktail skewers,$2.69
caster sugar  plus 2 tablespoon for the whipped cream,$2.39
juice 2 oranges,$1.39
trifle sponges,$1.99
breads,$2.99
caramelised white chocolate,$2.99
x 8cm round tartlet cases or crumpet moulds,$35.95
Daim bar  finely chopped chocolate,$2.99
salted pretzel sticks,$2.49
chocolate eggs,$4.29
chocolate chip  milk or dark  whichever you prefer   or currants or raisins,$3.99
tortilla wraps  natural yogurt  lime halves,$4.99
oil spray,$1.69
Camargue red rice or other wild rice,$0.99
juice and zest 2 limes,$2.09
quinoa quinoa quinoa,$4.99
extra virgin olive or rapeseed oil,$4.19
good handfuls rocket leaves,$7.99
courgettes baby courgettes  or a mixture   sliced,$2.29
parsley  mint or basil  or a mixture   roughly chopped,$1.99
salad leaves or herbs,$2.59
pack sugar snap pea,$0.99
radish colours and shapes if you can   sliced,$5.99
curly round lettuce,$2.69
podded and skinned broad bean,$0.59
1kg small ripe  but not overripe  strawberry,$25.98
bag spinach  watercress and rocket,$1.59
Chinese leaf  trimmed and finely shredded,$2.29
tzatziki,$2.89
paprika paprika,$3.19
red  orange or yellow pepper,$1.49
olive oil or sesame oil,$7.29
rice beans chicken beans,$3.69
red  orange or yellow peppers,$1.49
pack Continental sliced meats,$8.99
vegetarian pesto basil,$4.19
ciabatta loaf,$2.99
sparkling red wine,$1.99
coriander parsley,$1.99
warm flatbread or toasted pitta  cucumber sticks and radishes,$1.99
red peppers baby peppers,$1.49
Marsala,$2.49
packs cream cheese,$3.89
pork loin,$3.99 / per lb
white marzipan  shop bought or make your own  see tip  below ,$69.99 - $89.99
paste food colouring,$3.49
wheat,$2.99
reduced salt soy sauce,$2.29
avocados lime,$3.99
salt soy sauce,$2.29
dry chickpea,$0.59
sunflower or rapeseed oil,$5.99
splash white wine,$14.99 - $19.99
pink radishes,$4.99
agave syrup or dark brown sugar,$5.79
pack pea shoots,$4.99
margarine,$2.29
soya custard,$5.99
vegan milk,$1.99
eggs and 2 egg yolks,$17.99 - $19.99
clotted cream or vanilla ice cream,$2.79
digestive biscuit  broken up,$15.49
hazelnut chocolate,$5.19
couscous yogurt,$7.29
herb chives  thyme  parsley and mint,$3.99
puff pastry round sheet,$4.89
fruits peaches  nectarines and apricots   sliced,$0.49
peach jam,$2.59
parsley bread,$2.99
eggs and 1 yolk,$0.95
rashers of your favourite bacon,$7.08
green salad and bread,$3.14
pack sponge finger,$12.99
mix of nectarines and peach,$10.69
ice and sparkling water,$1.00
mild oil,$3.99
tamari,$3.59
canned tuna chunks,$3.59
Baby Gem lettuce lettuce,$1.29
potato chicken,$3.69
multigrain wraps,$3.49
barley couscous,$1.69
jumbo porridge oat,$2.59
almond milk,$1.99
salmon fillets salmon,$7.49
salt tamari,$3.59
lemon or lime juice,$0.99
vermicelli rice noodle,$2.99
tamari or soy sauce,$3.59
linseed,$20.99
grapefruit  you will need about 100 gram flesh ,$24.49
guacamole,$3.99
Cajun grilled chicken breasts,$2.99 / per lb
small white cabbage,$39.99
frittata cheese,$6.39
smoked or regular paprika,$3.39
oatcakes,$13.99
apple coleslaw,$1.79
good sauvignon blanc,$20.49
undiluted elderflower cordial,$4.99
long pasta  such as linguine  spaghetti or tagliatelle,$3.45
Jamaican jerk paste,$3.69
either parsley,$2.69
